id,prediction
4979,0
15552,0
29370,1
37272,0
6836,0
2699,0
19112,1
11841,1
9616,0
14854,1
21035,0
13192,1
17006,0
23614,1
21091,1
19971,1
25170,0
27706,0
28817,0
25816,0
26536,0
17455,0
11350,0
20575,0
7662,1
11599,0
14674,0
3092,1
19172,1
21027,0
30935,1
13537,1
32133,0
26695,1
17053,0
34694,0
6835,0
13858,1
14426,0
18607,0
19722,1
7296,0
38543,0
3763,1
35032,1
33510,1
12572,1
35940,1
28089,0
12901,1
31196,0
36608,1
28252,0
25063,1
30982,1
29012,1
37219,1
31231,1
24357,1
16160,1
14107,0
25519,0
128,0
26760,0
39612,1
23391,1
8611,0
7922,1
36290,1
22045,1
30607,0
28053,0
33750,0
28485,0
4338,0
212,1
27568,1
32652,1
17315,0
19685,1
12504,0
15200,1
13464,1
17496,0
32916,1
25975,1
20251,0
15996,0
2201,0
18169,0
38208,1
27436,0
8657,1
34338,1
35628,0
30459,0
8514,1
28739,1
15008,1
22505,1
16171,1
13326,0
37995,0
996,0
22297,0
32232,1
18340,1
10487,1
28358,0
24739,0
2462,1
6016,0
35082,1
35199,0
24728,1
24826,1
27987,1
17611,1
14377,1
4246,1
32188,1
9695,0
23438,1
1314,0
24328,1
27152,0
32377,1
6289,0
1913,0
15225,0
38628,1
14153,1
20620,1
28851,1
36765,1
31633,1
23978,0
33473,0
4153,0
5485,1
30311,1
3112,1
29867,0
16992,1
20027,0
32697,1
3248,0
5543,1
12442,0
3983,1
8882,0
17015,0
16581,0
578,1
12357,0
33099,1
15044,1
18791,0
22670,0
29044,1
5844,1
24563,1
11084,1
7211,1
8455,0
12678,0
39123,1
17289,0
17345,0
37869,0
11900,1
25171,0
4604,0
32310,1
6906,0
7645,1
12890,1
22541,1
4431,0
5813,0
35622,1
12725,0
3500,1
20470,1
20870,1
29618,1
33768,1
28756,1
28499,1
39424,0
13105,0
17355,1
4661,0
36856,1
39314,1
19358,0
11438,0
6111,0
8598,0
25781,0
11406,0
21252,1
23936,0
13586,0
2998,0
8142,0
14172,1
14671,0
16254,0
6649,1
31996,0
34860,1
23827,1
15049,0
38500,0
21028,0
10038,0
28188,1
934,0
24420,1
18516,1
34174,0
12615,0
30256,0
10057,1
8139,1
30118,0
17542,0
10002,1
11142,0
9132,1
39203,1
20372,1
14247,0
24948,0
27659,0
37054,0
38503,1
9561,1
6959,0
5739,0
25017,0
4091,0
1974,0
38380,0
26309,1
13592,0
37509,0
32890,1
29881,0
11337,0
13479,1
1545,0
4769,0
13317,0
13873,0
15307,0
22253,0
14463,0
7046,0
23660,0
17771,1
36700,1
31162,1
9580,0
5838,1
13812,1
22543,1
8577,1
17532,0
6494,0
24094,1
30300,0
13636,0
23875,1
33303,1
5620,0
24712,1
38251,1
5746,0
27296,1
31760,0
22149,1
38220,0
20331,0
3761,0
9371,0
5506,0
967,1
3624,1
5907,1
17300,1
35207,1
11701,1
26844,0
851,0
1597,0
29974,0
36470,1
32873,1
17158,0
13593,0
14430,0
17144,1
28887,1
6737,1
21898,0
35972,0
34616,0
14300,1
4871,0
16445,1
16070,0
4315,0
10659,0
16132,1
725,1
4500,0
22868,0
27252,1
16106,0
33431,0
26159,0
11662,1
11424,0
30218,1
2454,1
11423,1
37389,1
3090,1
26745,0
11085,0
12667,0
7722,0
19852,1
35431,1
23765,1
16251,0
23799,0
21471,1
2348,0
37924,1
38224,0
25461,0
31496,1
1417,1
27843,1
15840,1
29635,1
11,0
27328,1
33136,1
23259,1
24764,0
1475,0
12238,0
9539,0
1607,1
23940,0
10618,0
32025,0
9748,0
1016,1
33277,0
21177,1
16503,0
30477,0
18984,1
18574,0
29131,0
27796,1
19846,1
4317,1
2787,1
4261,0
23541,0
19787,0
4289,0
24319,0
18272,1
22832,0
27115,0
22881,0
16164,0
29116,0
25278,0
27504,1
35045,0
29121,0
631,1
16693,0
24177,1
37987,1
22819,1
22225,0
8869,1
35877,1
13113,0
19464,1
28425,1
33688,0
36968,0
7710,1
24917,0
5502,0
25352,0
38880,1
14061,0
21936,1
23215,1
5535,0
19024,0
18500,0
33856,1
16384,1
14452,0
33132,1
29049,0
2632,0
12632,0
8605,0
26825,0
32193,0
29861,0
31259,0
31278,1
3676,0
8314,1
25860,0
711,0
3073,0
8868,1
5758,1
28440,1
33518,0
1287,0
30334,1
29510,1
5510,1
19275,1
27257,1
30014,0
10782,1
12156,0
6951,0
15649,0
38230,0
32248,1
15255,0
11091,0
18465,0
39409,0
5921,1
6668,1
23747,0
22265,1
25847,0
31453,1
305,1
13100,1
2244,0
28366,0
34138,0
31477,0
36086,1
6506,1
7131,1
11478,0
17942,0
10220,0
31267,1
401,0
19784,1
39239,0
10930,1
17017,0
6280,1
8762,0
27719,0
7970,1
6623,1
12983,0
24754,1
30812,0
2005,0
6453,0
39530,0
18363,1
24502,1
14767,1
36775,0
32064,0
14086,1
11659,1
14459,1
28114,0
22274,0
31692,0
24501,1
10602,1
7470,0
18164,0
27488,1
30628,1
22122,1
10669,0
22276,0
19659,0
11469,1
26278,0
1418,0
30983,1
17685,1
31312,0
6461,1
16651,0
33983,0
13094,0
28944,1
20053,0
39567,1
26587,0
21071,1
3702,1
3293,0
38774,1
24884,0
27819,0
31127,0
27466,1
19594,1
7907,1
5594,1
1085,0
3844,1
3488,1
24765,0
6064,1
6298,1
22404,0
37182,0
10041,0
2389,0
1346,0
2860,1
21486,0
9119,1
24218,0
14550,1
7901,1
16507,0
22335,1
12194,1
38280,1
29683,1
11032,1
9777,1
322,0
30056,1
32281,0
12335,1
31605,0
17443,1
32686,0
5960,1
172,0
26291,0
23203,1
34772,0
31405,1
28099,1
9479,1
38160,1
5852,0
11153,0
16430,1
27147,1
4456,0
38273,0
27124,1
1896,1
8845,1
27083,0
8074,0
20752,1
15597,0
28628,0
32070,0
28714,0
3921,1
24790,0
6996,0
8729,0
35854,0
38873,1
3594,0
36158,0
24663,0
1419,1
31274,0
33682,0
33063,1
8948,1
12457,0
11847,1
26161,0
11195,1
2013,0
8703,1
13404,0
12549,1
302,0
35255,1
16280,1
11846,1
5086,0
8100,0
30354,0
23604,0
33198,0
30138,1
36903,1
8683,1
27263,0
7894,0
11656,0
8694,0
6070,0
6897,0
31431,0
6175,0
6709,1
1959,1
16544,0
33121,1
31308,0
5588,1
9775,1
29295,0
37939,1
11097,0
26961,1
11812,0
24033,1
4936,1
5848,1
28296,1
37478,1
39085,0
35614,1
30450,0
29250,1
16509,0
1472,0
4750,0
13622,1
23132,0
14740,0
431,0
36699,0
4756,0
12193,0
22818,1
23502,0
28289,1
19349,1
6349,1
28063,0
15426,0
169,0
13488,1
31646,1
12872,0
2372,1
13691,1
12960,1
1708,0
22447,1
22484,0
17613,0
38702,0
31398,0
13477,1
38391,0
4131,1
3634,0
1074,1
30933,0
23769,0
2872,1
17536,0
38620,1
15054,0
14569,0
22531,1
36476,0
32284,1
14744,0
4559,0
18279,0
2364,0
4861,1
19931,1
10502,0
28382,0
25694,1
779,0
20918,0
31626,1
14292,1
20696,0
752,0
4349,1
34345,1
6386,1
23190,0
328,0
2818,0
32524,0
2215,1
32826,0
13411,0
9406,0
9099,0
464,0
18185,1
19236,1
14128,1
20423,1
17187,1
29736,1
14238,0
3655,0
7621,1
25880,1
16170,0
14549,0
13507,1
25536,0
33364,0
4530,1
24080,0
24427,0
10296,1
16192,0
13379,1
18726,0
14827,1
35034,1
11456,0
8275,1
11013,1
15811,0
32136,0
8881,1
16224,1
4987,1
6394,1
34885,1
20704,0
35218,0
11382,1
14272,0
24003,1
5564,1
27077,0
29404,1
22801,0
38428,1
25683,0
12346,0
33235,1
11727,1
858,0
30189,1
12670,1
18722,0
23373,0
1582,0
4992,0
19091,1
13135,0
30726,0
20771,1
17410,0
17696,0
26148,1
36567,1
11426,0
22800,0
27919,0
27798,0
9140,1
36047,1
11189,0
11863,1
23578,0
36441,1
11602,0
21002,0
24872,1
19004,1
7082,1
13374,1
5629,0
9928,1
31539,1
8242,1
6982,0
10964,0
12038,0
24373,1
29259,1
36275,1
35229,0
4711,1
35163,0
16122,0
26041,0
5472,1
28312,0
10937,0
3947,0
38565,1
23784,1
32544,0
33765,0
37211,1
456,1
9727,1
26348,0
37223,0
29987,0
17666,0
39047,0
12569,1
18973,0
26934,0
21579,1
11497,1
25746,0
38527,1
7728,0
32475,1
32810,0
15537,0
22648,1
6008,0
37041,0
9471,1
20535,1
35841,0
24338,1
25620,1
26345,1
14522,1
34171,1
19733,0
31349,1
22354,1
15209,1
30986,0
28445,0
12628,0
34866,0
24411,1
19413,0
8019,0
25642,0
20614,1
39167,1
2366,1
29692,0
12660,0
13482,1
2367,1
12213,1
2827,0
29589,0
4074,0
28110,1
4495,1
33263,1
9424,0
8737,0
37977,0
7460,0
2257,1
45,1
27389,0
8221,0
6625,0
18540,1
13421,0
34749,0
27091,0
23569,0
20815,0
6370,0
19696,1
13018,1
18015,0
29352,0
34126,0
17116,0
14321,1
2088,1
365,1
23724,0
32735,0
24191,1
34478,0
5562,1
8806,1
29788,0
8752,0
31795,0
28735,0
28754,0
22984,0
6523,0
27208,0
26133,0
38015,0
15409,0
33839,0
22771,1
16800,1
21142,1
195,1
10627,0
18815,0
26684,1
36048,1
16263,1
10684,1
16084,1
29438,0
37760,1
8047,0
7137,1
3651,0
8550,1
10870,1
27034,0
30739,1
20692,1
25761,1
32605,0
14638,0
36232,0
35065,0
34209,0
32637,0
36912,0
25758,1
7020,0
39618,1
12731,1
7157,0
35639,1
21880,1
2529,1
20657,0
32599,0
28627,0
13476,1
24192,1
31078,0
33218,1
27280,1
32787,0
39310,1
24785,0
11956,1
24835,1
3518,0
35165,0
28158,1
30934,1
10863,0
15554,0
19461,0
3638,1
6811,0
17256,0
35873,1
14234,1
7507,1
38228,0
13304,0
11836,0
5134,1
17680,0
29244,0
25354,1
5305,0
26862,1
21932,0
2910,0
28459,0
21784,1
30404,0
17109,1
3521,1
24140,0
13079,1
37858,0
13078,1
37136,1
12708,0
32629,0
26017,1
28365,0
33650,0
15133,0
19710,1
36535,0
5256,0
3998,1
19131,0
19925,0
21060,1
256,1
34738,0
98,1
20668,1
14331,0
2412,1
5769,1
5097,0
23811,0
1059,1
25539,0
8093,0
22952,0
34141,1
20897,1
26427,1
33396,0
29523,1
29480,1
742,1
16424,0
32073,0
3969,0
20351,1
15328,0
28707,1
29862,1
10226,1
12308,0
37800,0
34294,0
22715,1
32020,0
21951,0
14296,0
20212,0
3704,0
30635,0
25936,0
31999,1
15336,1
678,1
16030,1
23697,1
8175,0
27409,0
20766,1
35470,0
39485,0
5908,0
30361,0
39368,0
26500,1
23810,0
27369,1
29418,0
4346,0
20638,1
35556,1
5674,0
19954,0
36189,0
22613,1
2492,0
25647,0
34801,1
33764,0
22754,1
1928,1
15779,0
20846,0
32311,0
14311,1
19221,1
8601,0
11740,0
17727,1
27531,0
32478,0
15214,0
31719,1
17322,1
24385,1
28156,0
28559,1
17805,1
7078,0
34247,1
27358,0
8938,0
16740,0
34383,1
33315,0
8996,0
25878,1
6159,1
35902,1
6077,0
2628,0
26767,1
30787,1
2073,1
22311,1
1000,0
31029,1
20347,1
16810,0
30207,1
23927,1
34555,0
19365,1
30041,1
30375,0
24955,0
30332,0
10442,1
4621,0
16616,1
17466,0
26242,0
8829,1
12120,0
20042,0
23384,0
8658,1
13851,0
30360,0
19937,0
19780,0
9112,0
10285,1
38026,0
17690,0
27043,1
35820,0
15227,0
1789,1
4221,0
34516,1
25573,0
14662,0
2962,1
21716,1
19684,0
12329,1
37340,1
3524,1
22489,1
27708,0
33536,0
1115,0
11250,0
17510,0
34100,0
5730,1
35745,0
13132,1
19445,1
15045,0
12493,1
27802,0
849,1
21694,1
20204,1
26981,1
31249,1
27966,1
27849,1
28424,0
33299,1
22632,0
700,0
3379,0
10940,0
33243,0
19911,1
12651,1
3609,0
14379,1
2156,0
34213,1
35222,0
33470,0
4167,1
10493,1
12394,0
11655,1
9473,0
17444,1
14960,1
19181,0
13506,0
36106,1
23333,0
22591,0
28272,0
33627,1
9550,0
18008,1
12594,0
26833,0
33314,1
14297,0
655,1
31888,1
21641,1
5698,0
23043,1
7885,0
32157,0
4924,0
26912,0
501,0
35013,1
6761,0
38483,0
16295,0
8863,1
23187,1
9723,1
34268,0
16777,1
6716,0
34039,1
11459,1
11549,0
32237,0
31022,1
11739,0
7124,0
35585,1
9846,1
33590,1
22272,0
25470,0
36833,0
18923,0
25779,1
4340,0
16002,1
12111,1
917,0
23294,1
16285,0
4118,1
26310,1
34279,0
21622,0
13470,1
35100,1
11512,1
3391,0
24729,1
2464,0
22100,0
12369,1
36887,1
10839,1
16153,0
39234,0
11021,0
4066,0
34693,1
39529,1
31531,0
8765,0
21007,1
21832,0
5966,0
25923,1
28635,1
33749,1
15011,0
17369,1
12705,0
17524,0
32520,0
10091,0
7578,1
1602,1
10644,1
23881,0
34350,0
7641,0
3085,1
29089,1
24418,0
18222,0
6191,0
1053,0
17195,1
31748,1
14079,0
15223,0
20852,1
8561,0
30400,0
5425,0
26757,1
22656,0
15995,1
20851,1
15205,1
24595,0
2952,1
38018,0
9921,1
21316,0
24187,1
1837,1
31233,0
12589,1
32082,1
23608,1
16191,0
36527,1
32104,0
34753,1
35271,0
20007,0
12498,1
16709,0
17781,1
30362,0
29229,0
21621,0
4135,1
25466,1
27219,0
10621,1
5656,0
7391,1
36889,1
37615,0
37617,0
32586,0
10551,1
28616,0
17127,1
13897,1
26691,0
11043,0
17979,1
20338,1
22353,1
29224,0
12533,1
20686,0
33804,1
9642,0
9488,1
1957,1
36655,1
10433,0
1522,1
14928,0
30070,0
13531,1
27831,1
13256,1
18163,1
12934,1
4896,0
34437,0
19928,1
11828,1
28162,1
15297,0
17884,0
3657,1
17740,0
24179,1
8717,0
9441,1
10192,1
29327,1
38898,1
9104,1
10671,1
6980,0
21250,1
1842,0
15002,0
25697,1
34532,0
13248,0
24536,1
27306,1
18514,0
94,1
25512,0
34797,1
22649,0
34215,0
14211,1
21384,0
27007,1
10637,0
7201,0
12267,0
2531,0
28561,1
7332,0
11775,0
14239,0
23339,1
10875,1
24714,1
792,1
2660,0
13576,0
30290,0
25361,0
10025,0
257,1
33211,1
7288,0
38658,1
1550,0
37448,0
21502,1
23448,0
10667,0
24870,0
6914,0
38297,1
13268,0
16868,1
36999,0
5760,1
29210,0
29203,0
23015,1
9650,1
14555,0
14757,1
15388,0
26305,1
1576,1
36897,0
5287,1
14919,0
185,0
1391,0
38174,1
34545,0
27637,1
20677,1
20655,0
22558,0
8815,0
9234,1
23172,0
24643,1
21319,0
31102,1
36066,1
21819,0
8270,0
16018,1
7311,1
35111,1
39315,0
747,0
4237,1
34951,0
18235,0
19546,0
17191,0
29997,0
16728,1
26744,0
17899,0
15604,1
13904,1
36303,1
14123,0
14563,0
20098,0
15359,1
33068,0
18810,1
11466,0
12511,1
11773,0
34846,0
4609,1
20097,1
19061,0
33863,0
6068,0
34678,1
13973,0
23484,0
35945,0
2796,0
20742,0
4626,1
4036,0
35071,1
17607,1
14971,1
37412,1
7351,0
23997,0
24533,0
27357,0
13024,1
6750,1
23461,0
19231,0
21632,0
9543,1
26246,1
6295,0
31571,0
6989,1
8309,0
19746,0
14916,1
33033,0
23321,0
10733,0
15992,1
36635,1
14081,0
7366,0
39637,1
10734,0
23629,1
10153,0
1128,1
20016,0
28501,0
2518,0
37399,1
16338,1
25684,1
19869,1
5574,1
26370,1
28947,1
5985,0
13944,0
21821,1
33082,1
35760,1
14160,0
4446,1
27916,1
4569,0
16105,1
11730,1
32814,0
2609,0
19143,1
23530,0
10846,0
38283,0
22324,0
3882,1
6654,1
28165,0
17603,1
15097,0
15835,1
35380,1
20080,0
23599,0
16639,0
26922,1
9862,0
17618,0
29022,0
29297,0
7345,0
37723,1
36907,0
30553,0
29522,0
7530,1
21223,1
14839,1
34288,1
7043,1
15178,0
7321,0
18462,1
15881,1
6396,1
19259,1
12509,0
37584,0
6708,0
22287,0
15870,0
27673,0
6991,1
19737,1
8153,1
7140,1
24152,1
16350,1
4372,1
16809,1
5611,1
20639,0
12768,1
16534,0
19415,0
9579,0
6012,1
35543,1
19933,1
31455,1
17146,0
16846,0
3010,1
18264,1
25117,1
23315,1
7418,0
12160,1
25111,0
20158,1
27234,1
20944,1
15036,0
2603,0
27341,1
1033,0
22380,1
20167,1
2374,0
20261,0
11492,0
9693,1
344,1
31464,1
9522,1
14223,0
22453,1
36478,0
34649,1
27223,0
5191,1
2825,0
21148,0
39562,0
4405,0
34737,0
10034,0
13500,0
39210,0
11752,0
26696,0
26598,1
7914,1
39320,1
1934,1
18481,1
15742,0
11106,0
16613,0
13524,1
31844,0
18573,1
11156,1
12241,1
38794,1
35152,0
5119,0
22084,1
7797,0
21613,0
18449,1
26952,0
10538,0
38586,0
26643,0
13905,1
9752,1
12370,0
4121,0
9717,1
20975,0
19709,1
32495,0
13672,0
6283,1
39628,0
20188,1
11452,0
31480,0
7810,1
9380,0
956,0
5548,0
30677,0
6098,1
20572,1
15679,0
28792,1
19230,0
2854,1
35138,0
29852,0
29006,0
37413,0
25810,1
25846,0
17023,1
14764,1
22795,0
7768,0
9715,0
17281,0
27871,1
17273,0
25128,1
34239,0
15593,1
32055,0
38622,1
34535,0
22661,1
24669,1
28624,0
16936,1
32134,1
8179,0
29094,1
8342,1
21571,1
29345,1
18267,1
11884,0
34664,1
8385,0
2448,0
5375,0
19868,0
19865,1
15675,1
8390,1
29549,0
38479,1
14798,1
11379,1
11246,1
12869,0
37332,1
10924,0
9508,0
25047,1
12506,1
860,1
15493,1
6327,0
6542,0
10087,0
8020,0
14585,1
6547,1
22719,0
32694,0
4375,0
33921,1
23757,1
20343,1
16211,1
7799,0
4420,0
8446,0
16444,1
24429,0
35378,0
9487,1
9425,0
5841,1
14206,0
18962,0
35232,1
25587,1
36909,1
18676,0
11908,0
1454,0
1567,1
28251,1
20722,0
23036,0
13014,1
2621,0
6600,1
9442,0
25103,1
21339,1
23111,1
24469,1
15668,1
916,1
6714,0
29819,1
16981,1
25599,0
12729,0
39083,0
23717,0
203,1
3221,1
31957,1
22675,0
9699,1
11038,0
9303,0
27711,1
11862,0
38343,1
10290,1
5832,1
1150,0
26547,0
32074,1
32059,0
38398,0
31305,1
34392,0
4270,1
20390,1
15339,0
4747,0
21298,0
13441,0
26735,0
23407,1
25560,1
36874,1
14352,0
26763,1
14631,0
21971,1
778,1
8000,1
19590,0
3722,1
29129,0
1831,0
39499,1
24758,1
3448,1
26467,0
7830,1
35831,1
37167,1
11542,0
15640,0
13087,0
1239,1
30686,0
23767,1
13732,0
214,0
4414,0
17755,1
22359,0
10581,0
9163,0
37087,1
4329,0
9929,0
13965,0
5160,0
22262,1
24253,1
23456,1
31708,1
938,0
30519,0
39541,0
28109,0
18611,0
5354,0
19077,1
10855,1
19151,0
26217,1
2003,0
2956,1
9822,0
18124,0
12366,0
31825,1
17834,0
14539,1
34570,0
5577,0
36353,0
13425,1
25083,1
8986,0
2769,0
2457,0
8058,1
29753,0
10916,1
9644,0
114,1
19509,1
8637,1
34204,0
10629,0
16831,1
39445,1
6710,1
15153,1
9820,1
20803,0
33620,1
18079,1
2043,0
13203,1
17873,0
18240,0
9102,0
28429,0
32278,1
7846,1
37129,0
27733,0
27498,0
26223,1
30013,1
26878,0
32333,0
37043,0
3565,0
37717,0
21162,1
37937,1
1450,0
34009,0
27731,1
12486,0
3574,0
30882,0
20531,1
38298,0
12426,1
1980,0
5538,1
28015,1
23538,1
210,0
19497,1
11346,0
39419,1
28417,0
37567,0
10138,1
37068,0
18353,1
22159,1
29742,1
11646,1
25767,1
132,1
23032,0
27816,0
4660,0
13581,0
32905,0
24857,1
16498,1
22956,1
23184,1
36970,1
38756,0
29100,1
30379,0
3171,1
20359,0
18206,0
34258,0
5931,0
15953,1
18957,0
12144,1
24499,1
8596,1
776,1
27538,0
9817,1
37300,1
11899,0
12641,1
15389,1
14382,1
35359,1
7684,0
136,1
3236,1
21308,1
27308,1
36512,0
499,0
34085,1
1321,1
30839,0
16053,1
5756,1
29119,0
6372,1
17250,0
25812,0
7273,0
32869,1
29758,1
10611,1
3690,1
10224,0
14716,1
33847,1
9300,1
27272,1
38535,0
9922,0
36509,1
13125,0
2320,1
34021,1
7476,1
33988,0
37738,0
285,1
18179,1
35861,0
33914,0
35916,1
8808,1
12896,1
5640,1
2620,0
11098,0
33564,1
11818,0
785,1
6466,1
5253,0
16044,0
28960,1
22776,0
31594,0
15551,0
5021,1
22913,0
22651,0
4459,1
32948,1
441,1
16614,0
30449,1
13474,0
27366,0
35326,1
24130,0
26888,0
15977,1
23297,0
33464,0
19789,1
24136,0
13471,0
8128,1
14322,0
27661,1
31100,1
20652,0
19355,1
36431,1
18313,1
16273,0
26620,0
23516,1
16208,0
27419,1
13903,0
27870,1
14951,0
13244,1
19258,0
38128,0
31533,0
267,1
24302,0
3162,0
9761,1
6969,0
9610,1
35030,0
7941,0
46,0
38145,1
16261,0
23445,1
13788,1
5343,1
35425,0
38937,1
6998,0
24640,0
26566,1
25932,0
31914,0
24878,0
3263,0
14663,0
3838,0
4611,0
26579,1
35253,0
23844,1
7921,0
34718,0
13051,0
24551,1
21645,0
8488,0
11518,1
12680,0
18084,0
21225,1
39180,0
37796,1
32202,1
31332,0
28185,1
33522,1
2564,0
38086,1
76,1
7477,1
23222,0
33365,1
15738,0
31089,0
2407,0
30490,0
27924,0
19287,1
37258,0
9485,0
11476,1
37341,0
4668,1
27070,1
35368,0
32393,1
1738,1
3015,1
15197,1
34486,1
34919,0
10822,0
38793,1
4715,0
27652,0
9659,1
13907,1
2312,1
13193,1
34781,0
3975,0
18780,0
14392,1
32866,0
25432,0
30997,1
38987,1
15858,0
14000,1
36218,1
26974,0
13121,0
8391,0
33736,1
19025,1
36119,0
23316,1
1378,1
37870,1
15718,0
17957,1
12991,1
34624,1
3718,1
19945,0
30503,1
8071,0
31290,0
21672,1
2023,1
630,1
20010,0
10330,1
32584,0
36195,0
26103,0
717,0
28494,0
1162,1
21666,1
39598,0
20155,0
20813,1
11318,1
26208,1
33663,1
3321,1
16913,0
12897,0
36998,0
32835,0
17431,0
25464,0
23982,0
35789,0
30461,0
5226,0
5402,0
39290,1
7139,0
22438,0
20001,0
28356,0
37950,1
20886,0
25289,0
13999,1
5996,0
20430,1
3512,0
11314,1
18976,1
16568,0
35758,0
3437,0
29280,0
14863,1
25774,1
17787,0
4410,1
10934,1
31114,1
23217,1
6638,1
20871,0
11987,0
29761,1
9558,0
30448,1
33834,0
6787,1
31672,0
37193,1
4469,0
26297,0
12098,1
18065,0
29581,1
18846,0
15606,0
23342,1
16974,1
8855,0
16475,1
1929,1
4011,1
38815,1
26244,1
38038,1
38606,1
12638,0
35206,1
25752,0
8407,0
34937,1
26541,1
27688,1
29497,1
34251,0
11060,1
19156,0
8203,0
4525,1
13034,0
14601,1
36015,1
25372,1
4616,1
4021,1
38750,1
3767,0
25649,0
33946,1
28933,0
11525,0
8696,0
39560,0
12545,1
10230,0
11936,0
21735,1
39367,0
27978,0
9571,1
36172,1
11140,1
17276,0
17264,0
35512,0
11523,1
34914,0
842,0
32857,0
4363,1
9814,0
14090,0
31876,0
2167,0
6876,1
30847,1
22817,1
29223,0
30923,0
6254,1
37881,1
21920,1
5382,0
2789,0
13681,0
26905,1
39383,1
29823,1
30827,1
16007,1
12015,0
39216,0
37694,1
11558,0
29735,1
34740,0
32163,0
7544,0
8566,1
18933,0
22088,0
7027,1
9044,0
38729,1
34189,1
28229,1
5083,0
28643,0
32455,0
31199,0
2019,0
16072,1
29777,0
11882,0
39385,0
12413,0
21255,0
5247,0
25221,1
8101,1
36362,1
21281,0
2048,1
33234,0
14636,1
17185,0
23268,0
1722,0
29463,1
23741,1
4964,0
16957,0
18288,0
34809,1
21566,0
36102,0
846,1
16213,1
38699,0
6267,0
8908,1
20355,0
32457,1
1366,1
17612,0
21811,1
27800,1
36737,0
35161,0
29372,0
33958,1
36409,0
30946,0
19370,1
7955,1
23835,1
38781,1
6885,1
33389,0
35914,1
24912,1
34618,0
34605,0
19148,0
14436,1
34275,0
27459,0
38481,0
20485,0
9512,0
2277,0
34924,1
5183,0
22893,0
18986,1
18087,0
1118,1
32538,1
31931,0
24257,0
33694,1
15491,1
21204,0
33726,1
31570,1
6127,1
27278,0
6546,0
220,1
19516,0
26575,0
26440,0
2456,0
22170,1
3388,1
24195,1
18334,0
22959,0
13361,0
6704,1
12479,0
15449,1
7164,1
35371,1
30248,1
22104,1
12292,0
24999,1
1506,1
20322,1
32611,0
6132,1
16725,0
9926,1
29117,1
28166,0
5046,0
18140,0
5169,0
1730,0
22275,0
37004,0
36547,0
11515,0
8497,1
34700,0
8878,0
3334,0
13322,0
23842,1
22829,1
27727,0
27505,0
2711,1
11211,0
34052,0
32062,1
26958,0
2066,0
18011,0
6307,1
19324,0
38984,1
24180,0
19204,0
21348,0
31145,1
36094,0
21413,0
9758,0
732,0
27217,0
8620,1
27269,0
3444,0
4829,1
871,0
27567,0
14155,1
23668,1
9459,1
16656,1
37361,0
26594,0
2123,1
4154,1
2610,1
15750,1
14606,0
38808,0
35460,0
11735,0
20710,0
6679,0
31048,0
5945,1
7614,1
13746,0
11797,0
591,1
6043,0
37890,1
5790,0
35542,0
12649,1
21095,0
20157,0
31356,1
11522,0
18109,0
27417,1
581,1
8310,0
29505,1
14746,0
13794,0
14091,0
28476,1
17589,1
28517,0
30297,0
27836,0
2710,1
11859,0
33978,0
35575,0
7022,1
20438,0
22586,1
11442,0
32815,0
27743,1
8787,0
23270,1
31140,0
12430,1
31073,0
12937,1
33457,1
19809,0
18373,0
17743,0
34188,0
27216,1
943,0
22056,0
28061,0
5540,0
11873,1
38605,0
97,1
1754,0
34638,1
10624,0
36246,1
11303,0
20707,0
29414,1
16524,0
3378,1
18785,0
10501,1
20487,1
2415,0
18409,0
30393,1
39248,0
26730,1
22794,1
25778,1
2356,0
4164,0
39079,1
31764,0
12196,0
28214,1
16348,0
4413,0
25052,0
18720,1
36859,1
36132,1
21012,1
21513,1
30789,0
27305,1
30304,0
29382,0
5776,1
6036,1
35209,0
13093,0
9898,1
15393,0
2672,0
4343,1
9771,0
5851,1
16797,0
14699,1
359,0
10578,0
9310,0
17137,1
36953,1
34978,0
12257,1
5346,1
37555,1
36854,0
27232,0
17372,0
37083,0
12990,0
22789,0
24062,1
28000,0
865,1
29776,0
10729,0
32860,1
33819,0
7865,0
23254,0
27313,0
28404,1
11005,1
6147,0
38284,1
11219,1
28122,0
36285,0
13588,1
24577,0
22308,0
39126,1
39532,1
25181,1
26746,1
35826,0
36103,0
24798,0
3890,1
266,1
28048,1
16181,0
10331,1
1042,0
26812,1
5289,0
36519,1
37036,0
18974,0
11703,1
7156,1
3051,0
7340,1
19902,0
36186,1
39500,0
21888,1
18804,0
25755,0
13035,0
23935,1
27078,1
5237,1
14990,1
20451,0
31649,1
13633,1
39600,1
31871,1
983,1
20644,0
30880,0
17721,0
16438,1
36840,0
419,0
21820,0
37416,0
7127,0
4622,0
17924,0
31115,0
35818,0
16033,1
24880,0
27351,0
33742,0
37542,0
20105,1
24451,1
30135,1
6777,1
28650,0
36383,0
7870,1
25227,1
27506,0
16048,0
16272,1
7166,1
10619,1
38293,0
15930,0
31501,0
10254,0
37153,1
18238,0
5099,0
32297,0
32000,0
13179,1
29179,0
27160,1
16394,1
32841,1
17413,0
13631,0
26629,0
35084,0
448,1
6319,0
6379,1
4650,1
32926,1
28135,0
18,1
39427,1
16023,1
24115,0
18419,1
32254,0
13136,0
19147,0
29863,1
9271,1
24768,0
11273,1
27483,0
29796,1
31142,0
18026,1
32693,0
35678,0
7581,1
24004,1
12475,1
30817,0
33744,1
19719,1
22970,1
37202,1
26667,0
35508,0
25380,0
35151,0
7890,1
33332,1
22343,0
995,0
5799,0
3766,1
6762,1
26452,1
11001,1
37395,1
34271,0
15481,1
27033,0
35292,0
17600,1
22330,0
15423,0
19831,1
12033,0
23919,0
32125,0
16425,0
31491,0
17296,1
16178,0
39004,0
29403,1
4490,1
16990,1
6189,1
36769,1
39001,0
12808,0
31057,0
2805,1
7462,0
14260,1
2517,1
9332,1
31556,0
28872,1
13031,0
1985,0
15356,0
22521,1
24312,1
32922,1
36404,1
13381,0
8542,0
20070,1
18044,1
35412,1
34317,0
32679,0
15511,0
6195,1
4110,0
31006,1
29719,1
37747,0
30186,0
19293,1
1888,1
14582,1
38720,0
26836,0
17950,1
9559,0
4818,1
26307,0
37645,1
18294,1
14394,0
39595,0
25545,1
36222,1
2403,0
38712,0
9896,0
12333,0
38365,0
5628,1
39015,0
21817,1
38496,0
30510,0
37626,0
26231,0
24482,0
30223,0
36587,0
2914,0
35447,0
38408,0
19639,0
22607,0
11751,0
31462,0
29321,0
15323,0
24397,1
11079,0
25144,1
25392,1
19478,0
13305,0
35814,0
25417,1
2817,0
14791,1
27895,1
33321,1
20549,1
80,1
19304,1
18005,0
8930,1
36562,1
33583,1
12583,1
19892,1
34483,1
32797,0
13070,0
16012,1
17758,0
12421,0
30994,1
4631,0
8090,1
10803,0
5072,1
17971,0
10312,0
179,1
15003,1
310,0
21369,1
10979,0
24119,0
25797,1
7540,0
8898,0
11538,0
19754,0
5221,1
26523,0
19581,0
23974,0
8515,0
4483,1
7751,0
11658,0
33050,1
22348,1
15969,1
35048,0
29762,1
38571,1
25722,1
28177,0
32929,1
2779,0
24694,1
19087,0
33669,1
29284,0
11610,0
29371,1
2209,1
38148,1
32723,0
39101,1
16554,1
23806,1
10858,0
19886,0
5070,0
34384,1
11266,0
6181,0
19137,0
3658,0
1903,0
13843,1
30445,0
3113,0
2886,1
5837,0
33451,0
10896,1
28340,1
17744,1
904,0
18809,1
13777,0
39386,1
6785,1
29095,0
13516,1
1458,0
24554,0
5591,1
4227,1
28147,1
23163,0
1203,1
24261,0
3423,0
3227,1
1711,1
16269,0
9895,0
21001,1
15483,1
26661,0
4250,0
14048,0
15914,0
8055,1
8659,1
33548,1
32323,1
37221,0
27004,1
422,1
21837,0
25180,0
22123,0
24490,1
33469,0
14750,1
29470,1
32355,1
3355,0
3791,0
21925,1
26360,0
13366,0
3459,0
28376,0
14073,1
35577,0
39133,0
7982,0
1995,0
17326,0
21889,1
23489,1
13560,1
19443,1
12304,0
8418,0
23800,0
35489,0
7452,0
21993,1
2027,0
34648,0
8335,0
6488,0
39287,0
11575,0
36341,0
17338,1
14067,0
7508,0
31376,1
23039,0
1387,0
35838,0
5322,0
7268,1
12459,0
22937,1
32945,1
10989,0
37808,0
6978,0
9465,1
21961,0
13991,1
5431,1
5250,1
5710,0
6806,0
1337,0
16024,1
20183,1
21357,1
5662,0
36774,1
15588,1
7494,1
7189,1
6336,1
20071,1
21759,0
28566,1
9304,1
31238,1
16138,1
763,1
22544,1
39027,1
32093,0
18412,0
10441,0
2738,0
18352,0
29663,1
3809,0
15357,1
26186,0
12806,1
23289,0
20108,0
30715,1
33292,0
31934,0
31700,0
13591,1
14226,1
4311,0
27926,1
4875,1
20262,0
4098,1
30631,0
5209,0
14747,0
26848,0
28126,0
18819,1
12311,0
23560,1
27291,0
9513,0
22888,0
15241,1
11282,0
4596,0
4185,1
26785,0
19384,1
2951,0
30198,1
222,0
29857,0
23499,1
27411,0
38538,0
19900,0
38193,0
39205,0
10969,1
7650,0
2922,1
6925,0
1372,1
36339,1
8921,1
22070,1
28149,1
38971,1
34187,0
5463,0
17151,1
18660,1
39510,1
25396,0
21451,1
20756,1
38824,0
2905,0
36146,1
34195,1
13963,1
30416,0
19501,1
10820,1
26215,0
451,0
27109,0
28810,1
2346,1
37418,1
20500,1
32120,1
17341,0
30377,0
30953,0
25482,1
22892,0
33787,1
3925,1
30011,0
37138,0
25726,1
8052,0
23609,0
7881,1
22926,1
62,0
10434,0
15626,0
20471,0
5468,0
17829,0
34843,1
21253,0
14447,0
34145,0
21578,1
34665,0
12961,1
16997,0
34821,0
32624,0
21352,1
5498,1
19234,1
24682,1
34490,0
31857,0
27540,0
8967,0
23469,1
20366,1
10528,1
12437,0
26270,0
27981,1
27712,0
19898,1
21526,1
17723,0
10391,1
5268,0
11736,0
5039,0
8254,0
32147,0
27867,0
9911,0
11393,0
35806,1
16873,0
7971,0
30513,0
20796,1
24217,0
37988,0
360,1
19766,1
31490,0
34456,1
24093,0
11029,0
28210,0
1687,1
18166,1
6358,0
11620,1
8781,0
5143,0
10984,0
32002,1
11925,1
28444,0
898,1
5853,0
3178,0
21430,1
10043,0
5156,1
3559,0
8269,0
23034,0
27046,0
1217,0
22471,0
17757,0
23868,1
31321,0
37833,0
16914,0
28771,0
1564,0
18104,0
15060,0
39268,0
14932,1
27609,0
17614,1
7319,0
6069,1
10488,0
37097,1
13570,0
6123,0
6938,1
33756,1
4394,1
6510,0
34352,0
15368,1
23679,1
30325,1
9390,0
7806,1
6457,0
10231,0
5529,1
22306,0
28160,0
462,0
37121,1
27807,0
8684,1
1397,1
8741,1
10461,0
8832,0
23157,0
11462,1
19591,0
7778,0
7062,0
33049,1
31466,1
36638,0
28631,0
29539,0
9450,1
5989,1
35524,0
32103,0
37703,1
22210,0
18308,0
7361,1
9570,1
25015,0
283,0
23446,1
31409,0
14726,0
22938,0
23426,0
2713,1
25424,0
11763,1
13542,0
30363,1
993,1
10469,1
28072,1
5872,0
33429,0
2519,0
10144,0
3746,1
13318,0
27624,0
10414,1
660,0
8875,0
2837,1
14781,1
39232,0
10399,0
25395,1
16352,1
25069,1
26613,0
25027,1
35211,0
37675,0
39573,1
11951,0
29173,1
25394,1
744,1
20793,0
15774,1
35250,0
24413,0
11672,0
32290,1
39533,0
36475,0
33877,0
31717,1
36208,0
11493,1
5630,1
13364,0
5692,1
24423,1
11601,1
37651,0
2381,0
20598,1
4402,1
6757,1
30284,1
2243,1
3770,0
37305,0
27457,1
555,0
32106,1
18117,1
159,0
6673,1
20414,0
29391,1
29077,1
22501,1
17539,0
25628,0
31823,0
15455,1
18985,1
20828,0
8222,1
31977,0
6017,1
32294,1
25106,0
32016,0
28270,0
17368,1
1368,0
21625,0
27980,0
31317,1
1781,0
26814,0
27687,1
7784,1
6211,0
11762,1
9607,1
28535,0
37402,1
622,1
12761,1
39159,0
18494,0
9302,0
9172,0
19629,1
18203,0
9677,0
4445,0
16241,0
2903,0
9639,0
26716,1
18617,1
18172,0
38901,1
23600,1
34223,1
4421,1
5398,0
5925,0
30608,0
24456,0
20835,1
36995,1
34802,1
4342,1
6315,1
34512,0
3536,1
26624,1
30685,1
14713,0
30538,1
15708,0
2118,1
38961,0
20764,1
18381,0
30788,0
12760,0
13549,0
13534,0
17564,1
25747,0
196,1
37612,1
32456,0
3522,0
38852,1
14095,0
29483,1
37069,0
31415,0
13168,0
39481,0
2365,0
27884,0
29805,1
28026,1
5213,0
12665,1
20093,0
26057,1
21968,1
30222,1
23751,1
10503,0
31270,0
6238,0
23621,0
33717,0
18080,1
8003,0
9493,0
39513,0
19896,1
12071,0
13525,1
25827,1
29918,0
22462,0
19976,1
10375,1
21891,1
33318,1
7368,1
3582,1
14864,1
20031,0
38132,1
21389,0
36429,0
2511,0
6311,0
28988,0
21066,0
32158,0
5726,0
12496,1
24466,1
31993,0
11699,1
11823,1
4825,1
32038,0
17010,1
8751,0
11532,0
6177,1
20021,1
11681,0
31846,1
29106,0
38789,1
5394,1
33936,1
36886,1
39318,0
2439,1
30836,1
8934,0
31166,0
18705,0
14400,0
25374,0
22030,0
14084,1
12433,0
6632,0
12889,1
4470,1
36946,1
30971,1
6092,0
25610,0
23459,0
12272,0
10860,1
29524,1
21039,1
3788,0
31545,1
658,0
17523,0
23417,0
4319,0
33532,1
35090,1
6585,1
15940,0
9061,1
37067,1
23506,0
17691,0
36231,0
14455,1
27279,0
26688,0
32445,0
32704,0
7691,1
5941,0
7416,1
33916,0
37527,0
12324,1
1569,1
39308,0
9900,0
38642,0
29981,0
21740,0
27183,1
2357,0
36423,0
12172,0
21237,0
19494,1
38643,0
28779,0
20739,0
25163,1
10448,0
37173,0
7150,0
31998,1
16954,0
13599,0
10570,1
6735,1
32015,1
8834,1
29130,1
12912,1
2178,0
11129,0
36689,0
32165,0
22609,1
12580,1
9897,1
16406,1
6508,0
1690,0
18480,1
5334,0
17347,1
37782,1
11389,1
27345,0
19050,0
35376,1
25383,1
39132,1
7964,0
24538,1
1814,0
25022,0
5052,1
27220,1
28826,0
15440,1
24781,1
34114,1
28790,1
21719,0
3397,0
29515,1
38554,0
24362,1
24958,1
24750,1
3765,1
35136,1
27050,1
19222,1
25850,1
17711,0
34482,0
7378,1
10552,1
8662,0
27561,1
25185,0
31890,1
32507,1
13527,0
5231,1
25189,1
3747,1
9881,0
35286,0
24607,0
20729,1
14945,0
35324,1
12631,0
3317,1
7313,1
39446,0
22235,0
27447,0
19189,1
1039,0
23317,1
20504,0
4302,0
1678,0
20045,0
9420,1
20408,1
10009,1
33900,0
36062,1
17615,0
1046,1
4518,1
33103,1
33645,0
17442,0
8018,0
34064,1
27746,0
19600,0
6197,1
23907,0
8891,1
21723,0
28201,0
32049,1
29318,1
10653,1
9320,1
2350,0
34525,1
38904,0
28951,0
12243,1
13921,0
15709,0
33888,1
1379,1
25360,1
6097,0
23796,0
5309,1
1580,1
30792,0
35134,0
7524,1
9040,1
33883,1
12239,0
14565,0
13811,0
38027,0
19003,1
26813,0
26829,0
15799,0
18497,0
34233,0
28411,0
27759,1
17568,0
17698,0
13889,1
16501,0
32799,0
25868,1
20925,1
23623,1
27117,1
15099,1
34734,0
17636,0
26571,1
8530,0
2506,1
6047,0
31391,0
4813,1
12112,0
16934,0
36603,0
15819,1
22616,0
39426,1
14661,0
31066,0
35917,0
20448,1
38453,1
22193,1
16719,0
17239,1
10301,0
13605,1
11347,0
30774,0
23004,0
3364,1
23654,0
580,0
273,1
37491,0
26082,0
27784,0
12908,0
1639,0
11422,1
21999,0
31534,0
38641,1
30158,1
9359,0
729,1
23794,0
32389,1
2188,0
35302,1
38907,0
8423,0
34322,0
8184,1
1275,1
24604,1
15063,0
6586,0
8015,1
2978,1
20980,0
6653,0
34690,0
2301,0
32243,0
35175,0
9343,0
33032,1
19400,1
33763,1
26864,1
10847,0
8536,0
29099,1
7536,0
10225,0
3897,0
19302,0
20561,0
16626,1
11720,0
39508,1
30858,0
15926,1
26003,1
24116,0
33254,0
10283,0
23253,0
13992,0
27000,1
29629,0
14657,1
15358,1
6371,1
7282,0
26943,0
13165,1
13095,0
3686,0
18847,0
37075,1
13288,0
9107,0
9860,0
30094,0
24602,1
15415,0
24477,0
4277,0
10764,1
28913,1
26120,1
27404,1
24685,0
37432,0
18322,1
38354,1
8110,0
17498,0
31572,0
18558,1
18184,0
34023,1
8956,1
3692,0
21351,0
34628,0
13138,1
36548,1
11976,0
26369,1
27885,1
21680,1
37382,0
35896,1
25217,1
19504,1
646,0
28030,0
2151,0
15784,1
11922,1
3906,0
5840,0
29527,1
10207,0
21496,1
14188,1
13445,1
33598,0
12087,0
570,1
9005,0
229,0
31459,0
18989,1
5791,0
28989,1
35139,1
6225,1
38800,1
4658,1
36346,0
7264,0
37107,1
9251,0
33659,0
31077,1
17252,1
29198,1
15291,0
25426,1
12913,0
14931,0
37763,1
14016,0
9798,0
30076,0
14411,1
33752,1
26121,1
31133,0
30554,0
8173,0
28970,1
15478,1
16647,0
21944,0
1845,0
3557,1
38332,1
37687,1
10165,0
13161,0
20536,0
27739,1
30208,0
31984,0
14890,0
20417,1
27701,1
34328,0
34727,0
33516,0
14120,0
6647,1
36435,0
23687,1
29784,0
28184,0
7757,0
13026,1
391,1
26828,1
14490,0
3206,0
7532,0
2874,1
5861,0
23866,0
38635,0
37828,0
17686,1
36057,0
18801,0
33695,0
21088,1
30695,1
36280,0
37271,1
26423,1
7219,0
21903,1
20902,0
30584,1
36591,0
8395,0
9024,1
38851,1
25418,1
30214,0
9401,0
33007,0
35028,0
2973,0
4537,1
20461,0
2852,0
33506,1
37655,0
25092,0
29704,0
11592,1
18204,1
10880,1
23243,0
24858,0
1820,0
2997,0
26102,1
9329,0
5240,1
16466,1
30601,1
9528,1
1232,1
31859,1
2206,1
13626,0
32175,0
15526,0
31573,1
11296,1
6206,0
25318,1
1878,1
19695,0
1401,0
28894,0
36636,0
14448,1
8641,0
29092,1
23955,0
35063,0
23771,1
22908,0
18822,1
34232,1
11734,1
13994,1
4016,0
22254,0
34626,0
33035,1
12833,1
28830,0
39266,0
14062,0
16541,1
37123,1
1221,0
37393,0
18733,0
16910,0
19554,1
25945,0
3308,1
21698,0
17937,1
24235,0
34046,1
3530,0
26127,0
23582,0
21474,0
20334,0
6385,1
11530,1
27772,0
3116,1
12402,1
29351,0
25444,1
33206,1
31433,1
9682,1
14929,0
18924,0
25366,0
36454,0
33236,0
34754,0
18380,1
12513,1
18817,0
37187,0
20568,1
7018,0
25101,0
9060,1
4640,1
22668,0
7606,0
10380,1
30407,0
4823,1
12758,1
659,0
844,1
18171,0
10932,0
10877,1
8671,0
13313,0
31895,0
35049,0
21835,1
34098,1
35647,0
29729,0
36286,1
31865,0
27170,1
8656,1
31225,0
36307,1
1090,1
32068,0
31369,0
34378,0
18586,0
6335,1
1970,1
8816,1
7155,0
32061,0
19243,0
8105,1
14468,0
10097,1
32501,0
34435,0
28668,0
33150,0
11151,1
14149,0
21923,0
449,0
20495,1
3611,1
3564,1
15450,0
25301,0
30287,1
39313,1
19956,0
7414,0
32184,1
28186,1
29582,0
26951,1
20554,1
15596,1
33881,1
12070,1
30555,0
39006,0
38180,1
12029,1
17783,0
18578,1
36936,0
11235,0
25079,1
11432,0
26518,1
30674,0
31053,0
22654,0
13335,1
663,0
18270,1
23409,0
13934,1
35190,0
20823,0
574,1
176,0
7857,0
2106,0
10221,1
23656,1
2444,1
21656,1
9809,0
34206,0
1669,0
1734,1
17477,0
29232,1
31920,0
3888,0
14849,0
11998,0
37495,0
4763,0
27696,0
5031,1
32326,0
7012,1
181,0
14303,1
19650,0
35802,1
24626,1
28369,1
20622,0
8197,0
20265,1
12348,1
21038,0
2326,0
8909,1
39204,0
10452,0
16004,1
8859,0
22727,0
34702,0
23344,0
26023,0
7230,0
29278,1
38227,0
15196,1
35008,1
6486,0
22460,1
34078,0
14263,1
17398,1
35871,0
24545,1
4884,0
29924,1
29874,0
8235,1
28001,0
21350,0
34623,1
30440,1
15602,1
5976,0
31964,0
11504,1
25657,0
19734,1
10073,0
16389,0
19918,0
36878,0
18083,0
14769,1
30709,0
4224,1
24440,0
19005,0
36402,0
25891,0
37507,0
26365,0
11354,0
12211,0
738,1
8610,1
19793,0
13309,0
31081,0
36092,0
8085,1
35815,1
4874,1
1520,1
37664,1
31763,0
8311,1
19281,0
28577,0
38632,1
318,1
34192,0
17718,0
28276,1
27873,1
2087,0
34576,0
21748,0
25563,0
30964,1
23194,0
32330,0
24170,1
4702,1
15724,0
24973,1
9347,1
38580,1
8087,0
9116,1
32949,0
8945,1
23045,1
34178,0
24718,1
10281,0
30057,0
34726,1
14976,0
17863,0
39013,0
31179,1
1087,0
7258,1
25786,0
7638,1
26382,1
12293,1
32964,1
6771,0
21358,0
4870,1
38998,1
8897,0
39151,0
28008,1
2199,0
33732,0
14110,0
31507,1
22465,0
9144,1
28615,0
10294,0
15682,0
4429,0
21133,0
21915,1
15907,0
6553,0
37371,0
28969,1
25401,1
12944,1
17599,1
21300,1
39505,1
25249,1
11162,1
26551,0
4050,1
29059,0
32669,1
24539,1
33753,0
683,0
23819,0
27995,1
23820,0
9819,0
31731,0
7001,0
26638,0
34676,1
10384,1
4516,0
33662,0
33045,1
35386,1
16182,0
3626,1
20120,0
33044,1
21379,0
38321,1
23229,1
368,0
36688,1
38844,1
12136,0
5312,1
31318,1
9045,0
27029,1
27964,1
15519,1
31344,1
10903,0
16267,1
5266,0
28705,0
14686,0
1242,0
36543,0
14733,1
22850,1
25783,1
14800,1
37283,1
35535,0
30941,1
24582,0
6199,1
8367,1
12313,0
31676,1
34073,0
29150,0
12902,0
28983,1
18916,0
3795,0
37643,0
5105,0
2148,0
27917,1
16246,1
35592,0
19992,0
38141,1
9135,0
6411,1
15901,1
11799,0
8766,0
27575,0
29073,1
6426,0
17852,0
24674,1
37353,0
12847,0
4953,1
3548,0
10030,1
6827,1
8647,1
2741,0
35358,1
294,0
2208,1
23263,0
12345,1
4917,1
35110,0
28290,0
30212,0
10164,0
31400,0
20583,0
25542,0
33237,0
11095,0
13706,1
12888,1
1887,0
39018,1
2177,0
29419,1
4909,0
3905,1
5229,0
32609,1
11979,0
36315,1
36868,0
32118,0
33937,1
17610,0
18137,0
33773,0
7053,1
30273,1
14933,0
24822,0
17058,0
9721,1
28748,0
21649,1
16805,0
8351,1
10720,0
39514,0
10403,0
11771,1
19350,0
554,0
4041,1
20170,0
27327,1
7977,0
27490,0
1940,0
30036,1
6286,0
26110,0
6171,1
31092,1
15717,1
18123,0
34481,0
36511,0
18612,0
15630,0
2313,0
13128,0
2536,1
19760,0
21937,1
26443,1
9225,0
30634,1
19763,1
4776,1
28172,0
6533,0
23379,1
21123,0
17585,1
2695,0
3425,1
31939,0
1625,0
9519,0
23736,0
29175,0
23749,0
36776,0
34920,1
19037,1
13444,1
23689,0
36328,1
30043,0
16236,0
5902,1
9335,1
23542,1
18763,1
39590,0
26903,0
12054,0
10203,0
38868,1
16620,0
10126,1
2213,0
23563,1
35338,1
15237,0
31951,0
4852,0
28199,0
3176,1
25819,1
23713,1
1644,0
17674,0
7076,0
27944,1
18318,0
38726,1
24001,0
18335,1
39069,0
31743,0
33214,1
39391,0
37209,0
5671,1
31856,0
34019,0
29126,1
7701,0
30640,0
6637,1
11281,0
35016,0
4602,0
31210,0
8223,0
5649,1
1466,0
22332,1
25004,1
36563,0
312,0
12231,0
10558,0
30141,1
1320,1
28434,0
719,0
9301,0
29677,0
31770,1
9433,1
29161,0
29868,0
11654,0
2729,0
29298,0
4192,1
1654,0
10386,1
36272,1
12495,0
4967,1
31554,1
16968,1
7079,0
13768,0
28357,1
3369,1
2247,1
20079,1
23584,0
25530,0
21254,0
11283,0
5539,1
32560,0
8971,1
3751,1
31220,0
18584,1
16393,0
38903,0
19008,1
38286,0
34013,0
9182,0
32200,0
37949,1
3861,0
22087,1
20702,0
26966,0
37422,1
32213,1
31673,0
16573,0
22364,1
20433,0
16760,1
26861,1
24982,1
38602,0
18645,0
29584,0
31787,0
9591,0
12145,0
6610,0
5992,1
35856,0
15944,1
35123,0
19528,0
2036,0
31970,0
27130,0
7647,1
28860,1
37813,1
2466,1
20669,0
7981,0
5111,0
35335,0
12798,1
12557,1
484,0
4219,0
5607,1
22988,1
26062,1
31386,1
23798,1
5537,0
39460,0
11394,1
26895,0
13296,0
26226,1
23234,0
7960,0
4570,1
38415,0
20130,1
34359,0
21691,0
3863,1
8392,1
27512,0
7481,0
38312,0
23000,1
26920,1
4704,1
4398,0
30390,0
20082,0
34147,1
15348,0
15988,0
19525,0
3787,0
12170,1
7733,0
30146,1
3385,0
27206,1
10208,1
26681,1
16230,0
6010,1
7519,0
18269,1
29884,0
5241,0
2550,0
30178,1
25691,0
29878,1
15007,1
28973,1
29962,0
17447,0
3274,0
23894,0
22054,0
6073,0
12127,0
9930,0
23359,1
28837,1
17514,0
22886,1
21445,1
23481,1
37319,1
8132,0
12118,0
386,0
10750,1
38205,0
33308,0
26601,1
21661,0
9217,0
23400,0
11965,1
21105,1
33097,1
199,0
31328,0
6905,1
17483,1
19498,0
10933,1
1300,0
7868,0
34848,1
14934,0
29514,1
13501,0
19348,0
25922,0
21747,1
10946,0
21865,0
4674,0
7466,1
12056,0
27354,1
12180,0
37855,1
29390,0
24036,1
23453,1
36551,0
38048,0
17922,0
11984,0
33903,1
39307,0
19531,1
36894,0
30441,1
33485,1
14052,0
2474,0
11953,0
25287,1
14176,0
33124,0
8341,0
18366,1
33588,0
23952,0
25704,0
17871,1
4614,0
37756,0
13632,1
7785,1
31307,1
25837,0
415,1
8024,1
34597,0
8009,1
34255,0
15346,1
32842,0
14337,1
10968,1
18296,1
37835,1
698,0
6955,0
28677,1
27651,1
17791,1
18214,1
31452,0
3289,1
26980,0
26153,1
32458,0
15259,0
14996,0
33824,1
1638,0
10417,0
19184,0
17598,1
23552,1
29300,0
16710,1
21334,1
30120,1
25913,1
1051,0
1962,0
32920,0
26293,1
2932,0
34324,0
2760,1
9454,0
9816,0
38915,1
5616,1
20026,1
33535,1
14792,0
3418,1
30596,1
39450,1
38192,0
12341,1
38694,0
9474,1
31381,1
33541,0
29785,0
17035,1
6243,0
23750,1
16821,1
35125,1
2934,0
31165,1
7204,0
4561,0
8257,0
23258,1
33142,1
39557,1
23466,0
1710,0
14259,1
12199,0
25911,0
33101,1
25565,1
12340,0
15933,1
6952,0
11536,1
23887,0
25156,1
12616,1
18091,0
19479,0
21116,1
6020,0
36573,0
15633,0
23670,1
6689,1
944,0
29275,0
24378,0
6816,0
13255,1
28964,0
37038,0
38992,0
33378,0
18717,0
5125,1
5344,1
37727,1
29930,1
12692,1
23095,0
20323,0
16887,0
35455,0
242,1
2493,1
6652,1
12584,0
29603,1
35203,0
14056,1
11722,0
5687,1
30621,0
39469,0
30655,1
30160,0
24804,0
1133,0
4628,0
350,0
8460,0
13323,0
35908,0
30106,0
29140,0
17184,1
7426,0
36873,1
30254,1
14178,0
5082,0
2288,1
36253,0
3044,0
7742,0
2863,0
25297,1
27356,1
5317,1
27785,1
12892,0
34304,1
14977,1
15754,1
372,0
25468,0
18979,1
28857,0
8492,1
5890,0
18546,1
7112,0
1990,1
26820,0
25477,0
38223,0
16579,0
9812,0
6837,0
1844,1
24434,1
39300,0
24711,0
27154,0
7545,0
33468,0
22556,0
25723,1
6592,0
15666,0
25369,1
37410,0
28487,0
28524,0
14648,1
38689,1
6712,1
10336,0
24775,1
35106,1
25695,0
23643,1
33055,1
26007,0
26047,0
525,1
24296,1
14483,1
25908,0
21344,1
3080,1
20239,1
4437,0
21069,1
9360,1
36956,1
12388,0
37513,0
13397,0
25886,0
13810,0
13517,0
421,0
10475,1
33689,0
1243,1
34464,0
6931,0
16644,1
36662,0
16640,1
19346,0
35606,0
15068,0
36311,0
39206,0
10658,0
29910,1
15136,1
33733,1
4031,1
37871,0
8698,0
17370,1
32641,0
23151,1
24196,1
1091,0
33503,0
9411,0
37481,0
3730,1
22046,1
2921,1
29160,0
32903,1
16964,1
21702,1
6926,0
21859,1
17042,0
13297,0
13098,0
29702,0
14980,0
3990,1
18538,0
25199,1
16233,0
17689,0
13567,0
436,0
13225,1
15320,1
25236,0
4194,0
32465,0
35969,0
29340,0
36024,0
24649,1
8583,0
12573,1
6690,0
21815,1
11396,0
15891,0
5162,0
29154,0
33295,1
15262,0
9815,0
35325,1
5677,0
28749,0
8516,1
25413,0
25711,0
27581,0
10724,1
6539,0
30034,0
25415,0
18009,1
7091,0
29681,0
39504,0
31585,1
32649,1
34410,1
15412,1
11851,1
14114,1
38100,1
1473,1
1220,0
14404,1
4022,1
29887,0
34357,1
22212,1
1262,1
33293,0
972,0
31422,1
30220,0
29281,1
135,0
5572,0
19879,0
3892,1
14665,1
18548,0
32874,0
18227,0
28219,0
7040,0
19646,0
37851,0
39322,0
34832,1
8225,0
19638,0
17902,0
13,1
5767,0
24259,1
13478,0
33139,0
4846,1
28150,0
3725,1
32463,0
17949,0
37132,0
1411,1
27913,1
18282,0
22125,1
22759,1
23269,1
8365,0
10897,1
2833,0
9209,0
5397,0
37137,1
38943,0
15212,0
34796,0
31831,1
29557,0
33829,0
18731,1
3726,1
39387,0
16416,1
29008,1
4664,0
32941,0
33664,1
35923,0
8178,1
37304,0
26245,0
24061,0
13878,0
3107,1
2504,0
7099,1
23117,1
32740,1
21400,1
7402,0
22545,1
30169,1
3989,0
23159,0
977,0
25765,0
37285,1
1598,0
17230,0
17157,1
15216,0
1501,0
9296,0
2479,0
10772,1
26706,0
11103,0
39620,1
11671,0
37237,0
8143,0
5223,0
28316,0
604,0
308,0
11546,1
23490,0
35918,0
13415,0
26362,0
3280,1
23434,0
39332,1
27553,1
10077,1
8595,1
3291,0
3563,0
33537,0
15895,1
10323,1
17064,0
21476,0
27530,1
8679,0
15188,0
15951,0
29070,0
32940,0
15086,0
32410,1
36661,0
20936,1
11710,0
14068,1
27226,1
37914,1
24083,0
14513,1
30269,0
39227,1
14342,0
35907,1
6776,1
37407,0
33415,1
30948,1
16330,0
35387,0
34750,1
28182,0
26492,1
4827,0
14825,1
4672,1
39592,1
36985,0
32035,0
29427,0
9078,0
25721,1
36675,0
37540,0
4113,1
1164,0
17713,0
8570,0
32788,0
26651,0
4728,1
6763,0
15889,1
18551,0
25666,0
1835,0
29188,0
38300,1
28119,1
17619,1
17279,0
37560,1
21013,1
22730,1
3111,0
15773,1
29313,1
9366,0
36153,0
19098,1
6380,0
3956,0
4649,0
25622,0
15599,0
29453,0
26469,1
26896,0
2402,1
32884,1
33187,1
13634,1
4765,0
18421,0
38477,0
22976,0
22961,0
12735,1
28392,1
11957,1
18253,1
5636,0
5293,0
39363,1
38963,0
5481,1
28192,0
15751,0
3951,0
34543,0
30840,1
3237,1
28478,1
38077,0
902,0
5513,1
23087,0
16418,1
13251,0
2772,0
32865,0
39253,0
13457,0
38933,1
7626,0
8084,0
812,0
25155,1
12307,1
29165,0
23711,0
1627,0
23154,0
39076,0
34018,1
17484,1
18257,0
27632,0
15513,0
22133,1
17284,0
6165,0
17833,1
29065,0
33597,1
15251,1
38272,0
14338,0
31401,0
23739,0
34755,0
30241,0
1344,0
7548,1
9322,1
9388,0
33013,1
38222,1
35655,1
29272,1
28683,0
36095,0
22633,0
21749,0
19731,0
6066,1
28853,1
18283,0
33779,0
22244,0
12712,0
27239,1
17688,0
11194,1
25780,0
16603,1
28716,0
7804,0
29219,1
4400,1
33213,0
4140,0
39515,1
22552,0
2470,0
27236,0
5953,1
23858,0
7484,0
10270,0
19635,0
5448,0
32924,1
35728,1
12315,1
23077,0
23620,1
28888,0
9288,0
24231,1
21452,1
17656,0
33397,0
28954,1
3255,1
10775,0
35955,1
29166,1
31601,0
7277,0
1746,0
30405,1
20208,0
32913,1
11149,1
12559,0
37566,0
14896,0
35590,0
11950,0
8506,0
14564,0
33719,0
3700,0
3753,1
23677,0
36087,0
829,1
9463,1
31546,0
4179,0
22996,1
4915,0
31796,0
10948,0
34485,0
12605,0
38204,0
27326,1
13764,0
29573,0
26377,1
20143,0
808,0
8955,0
6805,1
32239,0
34582,0
22131,1
14424,1
33288,1
30814,1
5104,1
26139,1
35343,0
16986,0
9645,0
36229,1
16903,0
11586,1
31598,0
24746,1
1485,1
12338,0
39250,1
37159,1
16345,0
32724,1
23318,0
26304,0
38828,0
10990,0
26397,0
1977,0
10454,0
9333,1
32494,1
37048,0
18076,0
8069,0
26499,1
25246,0
1941,1
5821,1
36422,0
22165,0
23865,1
21284,1
33635,1
26115,0
35457,1
17085,1
16658,0
32688,0
2629,0
13909,0
9912,1
33818,1
23147,1
36691,1
31543,0
5396,1
27258,0
9534,0
10902,1
39267,0
20491,1
6738,0
38130,0
75,0
2790,1
30469,0
7917,1
30516,0
35242,1
36432,1
5259,1
15813,1
19526,1
968,1
21601,0
16752,1
27159,0
14169,0
32256,1
3931,0
696,1
27102,1
7745,1
7670,1
38818,1
27642,1
10738,0
37525,0
8773,1
3273,0
14193,0
11869,0
16621,1
30688,1
31456,1
12530,0
4151,1
17378,0
28055,1
12478,0
32462,1
20172,0
37260,0
39141,1
21074,0
30031,1
30855,0
15866,0
13039,0
10633,1
37711,0
33685,0
33004,1
2260,1
31974,0
10740,0
5590,0
8912,0
9392,1
4600,1
15402,0
6161,0
13416,0
32208,0
1131,1
29360,0
28831,0
30133,1
39284,0
7069,1
23483,1
15138,0
7538,0
27834,0
17280,1
4519,1
31286,1
7681,0
10197,0
4169,0
24028,1
6545,0
16905,1
34495,1
3097,0
4814,0
17628,0
22156,1
26040,1
5898,1
33335,1
30428,0
34698,1
23123,1
9052,0
33815,1
13804,0
28632,0
288,0
6895,1
23645,0
21249,0
8401,1
15720,1
26410,0
19545,1
34588,0
27180,1
34112,0
11064,1
35291,0
4024,0
31346,0
28636,1
11805,1
34116,1
17400,0
15248,1
15270,1
7325,1
15081,1
23864,1
1105,0
11692,0
7748,0
1467,0
24133,1
5725,0
31342,0
12032,0
4324,1
2749,1
33437,0
14930,0
11849,0
33091,1
15702,1
14476,0
3074,1
30382,0
11576,0
22263,0
35433,1
20290,0
18245,1
22999,1
31690,0
12460,1
39054,1
3460,1
14492,0
4734,0
26262,0
21896,0
31632,1
30838,0
4541,1
36176,1
1060,0
19842,0
1624,0
22963,0
39552,1
14450,0
18430,0
24381,0
2535,0
22485,1
15000,0
16001,0
23007,1
36194,1
18536,0
27583,0
35410,0
14174,1
9981,1
17714,0
29136,0
7217,0
10306,1
17459,0
9969,1
36018,0
23283,1
2211,0
34883,1
11647,1
9983,0
4218,0
4029,0
10938,0
28368,1
23947,0
16506,1
437,1
23906,1
36933,0
37085,0
37126,0
6278,1
14589,0
36664,1
6891,1
38673,0
31358,0
35062,1
18601,0
37445,0
39456,0
892,0
34680,0
36289,1
17376,0
14150,0
8373,1
7910,0
24883,1
915,0
10580,0
38104,1
9776,1
36162,0
32390,1
34254,0
33005,0
31510,0
12151,0
22774,0
27616,0
37535,1
30181,0
8993,0
35530,0
29003,0
16801,1
15164,0
18583,0
28542,0
958,0
1739,1
28426,0
20928,1
13238,1
15711,1
35632,0
34957,1
15667,1
32707,0
25293,0
17659,0
26985,1
2455,0
33131,1
23777,1
12823,0
22572,1
35583,0
20807,1
652,1
20030,0
27912,1
9476,1
14214,0
6410,0
16238,1
13602,0
23939,0
27494,0
16027,0
39374,0
12407,0
4297,0
39068,0
28543,1
7762,1
27686,1
16872,0
2002,0
25334,1
7197,1
6341,0
2777,0
28786,0
4789,0
23138,0
23019,0
17265,0
16931,0
12398,0
19390,1
23491,1
35449,0
9043,0
21572,0
5152,0
8524,1
3776,1
34810,0
1183,1
35362,1
17045,1
37559,0
3105,1
25883,0
29860,0
36457,0
37972,1
15175,1
26178,1
26698,0
17608,0
30879,0
1495,0
22830,1
36498,0
37046,1
9626,1
10838,1
11006,1
10219,1
2879,1
18338,1
5843,1
16759,0
29311,0
8564,1
9875,1
12176,0
8364,0
10045,0
33008,0
4040,0
25792,1
2608,1
11706,1
23579,1
10350,0
19854,1
7515,0
17683,0
15452,1
19288,0
37856,0
28471,0
24232,0
33122,0
16173,1
37684,0
24079,1
18004,1
33539,1
35261,0
16089,1
10408,0
10579,1
35531,0
5609,1
31609,0
12933,0
30180,0
5457,0
12339,1
4216,0
16463,0
3681,0
16855,1
17811,0
10400,0
15108,1
962,1
6445,0
39603,0
28441,0
23292,1
20249,1
10685,1
37307,1
18339,0
5645,0
317,1
19745,1
16355,0
25869,1
20462,0
1873,1
32109,1
10439,0
7437,0
48,1
12671,1
15498,1
37850,1
19503,1
38225,1
27309,1
1116,0
25460,0
30990,0
23216,1
35361,0
19210,1
5075,1
15398,1
19196,1
34792,0
33591,0
16559,0
2829,0
16727,1
38549,1
36844,0
7398,0
30583,0
4605,0
16376,1
38385,1
37355,0
38315,0
39207,1
36081,1
28280,1
5683,0
38608,1
26384,1
5884,0
2994,0
11584,1
722,0
37726,0
12463,0
17782,0
870,1
9273,0
10145,0
28552,1
24766,0
8247,0
12951,1
4309,0
20134,0
28729,1
3731,1
8458,0
18114,1
17531,0
18779,0
18826,1
30959,1
18949,1
22610,0
15300,1
36653,0
18580,0
17448,0
38240,1
3790,1
1254,0
17014,1
3148,0
34505,1
35894,0
22128,0
15273,0
26859,1
37233,0
23488,0
1787,0
32917,1
18388,0
9266,1
26456,0
29013,0
38566,1
6323,1
27474,0
15636,1
17246,0
3673,0
1142,0
6094,1
17676,0
18053,0
33355,1
11999,1
31778,1
5686,0
36254,0
34376,1
624,0
27472,1
5254,1
25524,1
20654,0
16414,1
31330,0
18993,0
2132,0
29157,1
20180,0
10140,0
23009,0
13589,0
8953,0
20915,0
3649,0
36330,0
29456,0
23029,0
6443,1
13785,1
32110,1
31010,1
25951,1
529,1
36390,1
26701,0
21456,1
8736,1
32573,0
18904,1
37963,0
34820,0
34596,1
21233,0
14401,0
18504,1
7871,0
14897,0
3338,0
31963,0
35070,0
38986,1
23381,1
3100,0
20848,0
33963,1
2467,0
9562,1
24975,1
3968,0
28319,1
36461,0
31200,1
9391,0
23505,1
17903,1
31636,1
29137,1
20525,0
36230,0
37582,1
17897,1
33928,0
27156,0
7832,1
34501,0
2015,0
34662,0
33960,0
28260,0
15832,0
3337,0
30079,0
31686,1
22014,1
16698,0
5903,1
24390,0
27348,0
4794,0
27539,0
16960,0
9358,1
14892,1
26235,1
160,0
28688,1
30028,0
13705,1
11036,0
33515,0
10178,0
30162,1
13867,0
37334,1
5060,1
5403,1
3407,1
19958,1
28536,1
18526,0
19542,1
16900,0
8409,0
5041,0
5752,1
16379,1
33081,0
26182,1
7958,0
10311,0
14085,0
19960,0
1169,1
8021,0
13736,1
19201,0
5969,1
27691,1
15186,1
13205,1
28314,0
37672,0
27803,0
5983,0
31600,0
35039,0
18609,0
8663,0
1759,0
11819,0
8958,1
16904,0
5722,1
18721,1
22021,1
29689,1
39238,0
13169,1
30730,0
23900,1
22132,0
38399,0
35768,0
20797,0
31524,0
26904,0
36387,1
33239,1
157,0
24288,0
19171,0
25288,0
3458,0
32681,1
19555,0
38731,0
25218,0
21081,0
2115,0
24903,1
13208,0
6853,0
2097,1
29025,1
21695,0
19826,1
33716,1
38367,1
35757,1
3434,0
7474,0
9355,0
22036,0
37117,1
5084,1
23517,1
10912,0
25158,1
34705,0
37530,0
24552,0
16413,1
1032,1
10682,0
22236,0
34095,1
24380,1
28042,0
1459,1
25438,1
596,1
5579,1
23162,0
33807,1
29967,1
1029,0
32315,0
16539,1
19262,1
23627,1
2834,1
19441,1
28750,0
19054,1
29296,1
6530,1
3037,1
24097,0
21575,1
17027,1
12546,0
35395,1
15888,1
25852,1
8063,0
33030,0
27470,1
177,0
21750,0
3588,1
38485,0
33999,0
36823,0
12718,1
22092,0
33191,1
18958,1
22325,1
32846,0
1613,1
2101,1
2521,0
11854,1
38983,0
18946,1
19442,0
4095,1
24597,1
24168,0
33901,1
27266,0
20269,0
28315,0
33871,0
784,0
7359,0
18018,1
18416,1
31191,1
11059,0
30472,1
1510,1
32381,0
20819,0
17020,0
10147,1
30323,0
33185,1
30617,0
24367,0
26693,0
5224,1
5390,0
837,1
6932,1
39472,1
8412,0
34043,1
35254,0
15504,0
22466,0
23722,1
37571,0
29413,0
13536,1
3817,0
161,1
37101,0
8006,0
30122,0
28394,1
1289,0
4306,1
32186,1
17188,0
17380,1
3192,0
22540,1
36324,1
4810,1
16684,0
16109,1
27991,0
38646,0
53,1
26286,1
36235,1
12412,1
8715,0
931,1
13520,0
29421,1
11020,1
16591,0
28895,1
22293,0
34458,0
5358,0
5592,0
36679,0
15650,1
31037,0
8905,1
7415,0
1256,0
19875,1
39134,0
33826,0
23848,1
8820,1
36134,1
37959,1
34715,0
2686,1
17240,0
6753,1
27892,1
35452,1
17242,0
30020,0
29548,1
21327,0
1068,1
35558,0
4427,0
16000,1
6035,0
3781,1
35686,0
15257,0
681,0
16736,1
1026,0
18975,0
32230,1
36122,1
12858,0
9029,0
23551,0
571,0
37259,1
28190,1
31012,0
22738,0
38396,0
23946,1
3295,1
5308,1
35144,0
32435,1
30866,1
30679,0
244,0
15669,1
34856,0
26589,0
35295,0
35971,0
1409,1
24277,0
5511,0
24673,0
21279,0
26206,1
4006,0
714,1
16459,0
2184,0
4479,0
34051,0
21368,0
19169,0
18330,0
15109,0
7007,0
15621,0
4318,0
3740,0
13434,0
9321,0
21671,0
26002,0
39561,1
15333,1
19599,0
14116,1
14258,0
26000,0
28387,1
3281,1
5496,1
17348,0
23003,0
19283,0
27922,0
28605,1
27096,0
29592,0
27535,0
34862,1
825,1
7473,1
10815,0
28241,1
13995,1
4838,0
24956,0
21545,0
37596,0
3489,1
4540,1
19444,1
37236,0
35643,0
29045,0
33423,0
15829,1
4148,1
26715,0
18165,1
8478,1
23706,1
15589,0
25677,1
35934,0
1304,0
33137,0
26105,0
26622,0
31728,1
25371,0
24171,0
24230,1
37880,0
1604,0
18485,1
37318,1
33018,0
39384,1
11324,0
39586,1
10213,1
38013,0
31537,0
22865,0
9395,1
37455,1
25515,1
15067,0
8332,1
29196,1
25791,1
18716,0
13801,0
37065,1
39577,0
11911,1
4384,0
3550,0
13755,1
39298,0
8549,0
33023,0
20506,1
28456,0
4378,0
6180,0
12945,1
33828,0
20023,0
7692,0
25593,1
36449,1
14117,0
5974,1
37035,0
21418,0
23728,0
13771,1
16996,1
25997,0
12795,0
3558,0
21131,0
8822,0
9315,1
31550,0
26837,1
2131,0
12449,0
36616,0
27974,1
31818,1
28330,0
26669,1
14417,0
14186,0
35609,0
22740,1
32638,1
20401,1
21990,0
24581,0
27990,0
5320,0
26489,1
30901,1
12429,1
17784,0
25540,1
20694,1
4657,0
36220,1
8937,0
9419,1
9290,0
20209,0
32337,0
231,0
6617,1
29542,0
37737,0
30859,0
11996,1
21812,1
4744,1
18894,0
3165,1
33001,0
18525,1
25140,1
2996,0
2180,1
34136,0
26811,1
5978,1
14373,1
18510,0
17809,1
7271,0
33938,1
20159,1
31450,1
12227,0
866,0
25184,1
4714,0
38958,0
27314,1
35620,1
1480,1
22764,0
12728,0
9382,0
11027,0
36308,1
24340,0
29915,1
7723,1
5663,1
24241,1
27598,0
33160,0
14568,0
2236,0
25626,0
38510,1
22758,1
10061,1
4020,0
29723,1
4554,0
5870,0
11939,0
6109,0
16470,0
9018,0
33909,0
14868,0
3296,0
39642,0
12863,1
22295,0
9232,1
14637,1
39098,1
8447,0
30326,1
5701,0
29197,1
36010,1
8176,1
22502,1
15847,1
32178,1
31261,0
3356,0
26185,1
8531,1
4938,1
3822,0
16871,1
16248,1
34230,0
33317,0
31808,0
22907,0
25740,0
26793,0
36681,1
12106,1
38612,1
34476,1
32852,1
31236,0
17223,1
28807,0
25918,1
27032,0
32150,0
24073,1
39589,1
23212,0
26313,0
2704,1
4755,0
7561,0
37916,0
30185,0
5163,0
3463,1
10886,0
31607,0
9318,1
22323,0
19126,1
10778,0
26463,1
17473,0
34953,0
24636,1
26883,0
14935,1
8982,0
16836,0
8779,1
35595,0
8330,0
35234,1
33146,0
11286,1
29922,1
14629,0
29435,1
25494,0
4399,0
26473,1
30119,1
11661,1
5351,1
4215,0
32219,0
16293,0
9415,0
28589,1
21412,1
20090,1
24557,1
13924,0
37989,0
1139,1
18951,0
18543,1
31725,0
25093,1
15252,0
8526,1
278,1
25990,0
21801,1
18246,0
17044,1
26679,0
20173,0
23725,0
30333,0
27844,0
19076,1
23529,1
23351,1
27699,1
20376,1
1277,0
22195,1
19607,1
26460,1
3717,1
16268,0
17839,0
12000,0
8285,0
6899,0
3450,0
26965,1
15130,0
21966,0
13016,0
38171,0
2189,0
23536,0
27730,0
12165,1
7453,0
5924,0
20244,0
10228,1
12008,0
13458,1
24435,0
22362,1
12547,0
23589,1
3238,0
1231,0
1676,0
3380,1
27586,1
14101,0
13099,1
27600,1
8900,0
32454,1
12534,1
35363,1
61,1
7861,0
15987,0
34169,0
10246,0
9397,0
2715,0
7813,0
29124,1
33312,0
19700,0
15235,0
4092,1
28179,0
35118,0
19985,1
36100,0
17504,1
22568,1
27401,0
8828,1
29208,0
24959,0
20562,1
9188,1
37599,0
9115,1
37099,1
20955,1
9511,1
2982,0
32341,0
10915,0
24818,0
20841,0
11141,0
14610,1
25935,1
32318,1
16518,1
24569,0
16513,0
30086,0
19129,1
10327,0
38995,0
22672,0
9668,1
28302,1
19124,1
24046,1
4929,0
33865,0
19068,0
13118,0
22732,0
16763,0
20627,0
20115,1
4777,0
38938,0
32320,1
151,0
1927,0
15857,1
18724,1
38609,0
5770,0
13548,0
16635,1
3151,1
20225,0
20304,1
21727,0
16481,0
3538,0
22735,1
16329,1
39518,1
28864,1
34491,0
15862,0
9909,0
18233,1
4759,1
11774,0
11072,0
11368,1
23572,0
1969,0
4139,0
37759,1
24161,1
17396,1
31058,0
1499,1
2435,0
24834,1
6227,1
32834,1
26797,0
9978,1
19298,1
2237,0
1578,1
21914,1
10996,1
25123,0
37762,0
34164,1
7421,1
27185,1
30010,0
22685,1
2060,0
2265,1
37905,1
417,0
21178,1
34600,0
748,1
6852,0
36342,0
3164,0
25784,1
30501,0
5661,0
11842,0
11713,1
17669,0
2780,0
20324,1
19527,0
8563,0
35782,1
14709,0
23161,1
8156,1
35404,1
6300,1
14053,0
5975,1
8992,0
498,1
23094,0
12714,0
28591,1
9577,0
36721,1
4996,0
18332,1
32643,0
39413,1
21365,0
12253,0
35572,1
18706,0
21836,0
27795,0
18277,0
6894,1
33134,0
18194,1
7689,1
18341,0
38885,0
35744,0
2708,1
38407,0
39594,1
39150,0
36041,1
8078,0
20703,1
34503,0
33253,0
15285,0
25744,1
6462,0
21273,0
31361,0
12536,1
9212,1
34768,0
35547,1
35965,1
12185,0
13870,1
29778,1
1006,1
15271,1
36261,0
13830,1
19636,1
35317,1
26789,1
39554,1
1987,0
25580,1
31160,1
31465,1
28932,0
32792,0
13222,1
36345,0
37781,1
31761,1
39213,1
31106,1
1718,1
30861,0
19266,0
28069,0
35405,0
6337,0
10160,0
3845,1
4383,0
20069,0
23528,1
1316,0
6608,0
27076,1
11890,0
23219,0
16648,1
15557,1
12753,1
6648,1
38476,0
26702,1
32405,1
23387,1
33471,0
16580,1
9065,1
27189,1
16465,0
26602,1
38381,0
17831,0
38913,0
9440,1
21391,1
38568,0
4501,0
20938,0
3786,0
32401,1
6950,1
17000,0
32591,1
14164,1
12752,1
17077,0
1509,0
9049,0
6499,1
25762,0
35280,0
2650,0
38082,0
36884,1
37156,0
3743,1
21285,0
4790,1
23127,0
4119,0
4678,1
8050,1
7825,0
27059,1
34461,0
4102,1
30327,0
17394,1
30531,0
27437,1
38302,1
28768,1
21406,0
17198,0
18795,0
15453,0
3873,0
8382,1
21948,1
26122,0
37146,1
1616,0
28198,1
4773,0
18489,0
37252,0
457,1
8728,0
11830,1
17796,1
27720,1
7170,1
27619,1
9229,1
36149,0
14082,1
25933,1
30265,1
16112,1
20088,0
19614,0
23545,0
22402,0
13417,1
22925,0
14812,0
1302,0
2138,0
15174,0
33316,1
32173,0
22340,0
16011,1
28842,1
17228,0
29516,0
16755,1
519,1
25727,0
22511,1
18135,0
6565,0
30927,0
38949,1
31614,1
26830,1
23824,0
407,1
30123,0
5772,0
24748,1
29144,0
1200,0
27064,1
3093,0
6987,1
18841,1
29622,1
22039,1
29840,0
26422,1
26340,1
17475,1
38242,1
15769,0
6856,0
22102,0
36720,1
33100,0
11035,0
32489,1
2120,0
24715,1
27615,0
8165,0
21404,1
35528,1
7056,0
28948,0
31811,1
13175,0
35904,1
13642,0
17861,1
13815,0
3307,1
15268,0
24005,0
31819,1
6598,1
2021,0
33487,1
19246,0
26266,0
24760,0
38853,0
36093,0
3804,1
11075,0
21614,0
36736,1
17254,1
13942,1
20292,1
17186,1
34099,0
23455,0
18908,0
17051,0
4706,0
11215,0
17806,1
11139,1
23619,1
35393,1
43,1
37214,0
32647,1
8319,0
30068,1
2909,0
26600,0
11714,0
31862,0
23200,0
806,0
28912,1
14955,0
34815,1
5525,1
32526,0
23520,0
19411,0
18444,1
10436,1
22783,1
11764,1
37510,0
22154,0
39255,1
36803,0
18792,1
39522,0
22611,0
28317,1
19924,0
27018,0
8701,0
5558,0
19022,1
23419,0
26945,0
4069,1
5323,1
19012,0
4648,0
21816,0
19756,1
17502,1
2946,0
33578,0
31734,0
3253,0
36428,1
27349,1
6031,1
38819,0
25421,1
10613,0
38109,0
23683,1
13249,0
3615,0
3229,0
14633,0
32450,1
36799,1
6139,1
10260,0
16939,0
15869,1
33204,0
22230,1
12775,0
14105,1
14913,1
10449,1
12205,0
34363,0
19998,1
19180,1
14860,1
6087,0
37286,0
36927,1
24066,0
6851,1
29759,0
6697,0
4083,0
14815,1
31746,1
8322,0
20553,0
35570,1
21904,1
6970,1
8482,1
3046,1
8054,1
28205,0
33344,1
17986,1
3808,0
24838,1
26522,1
3846,1
9076,1
8045,0
31285,0
35009,0
7066,0
15828,1
26006,1
28822,0
22294,0
3857,0
38120,1
1137,1
25110,0
6630,0
8102,0
37091,0
31334,1
10814,0
2388,0
14768,0
982,0
11048,0
23472,1
13829,1
18614,0
7251,1
19232,1
34335,0
39498,0
16307,1
34434,1
34666,0
19475,0
1165,0
33943,1
18286,0
37622,1
16165,1
16041,0
20567,0
16067,0
5567,1
19921,0
5859,1
18182,0
10466,1
10739,0
16247,1
3207,0
30582,0
14743,0
19738,1
36954,0
14334,0
7417,1
32666,0
26761,1
3428,1
9938,0
25703,0
2858,1
9230,0
34559,1
34454,0
17625,0
13765,1
30559,1
20259,1
37451,0
8974,1
8410,0
34050,0
2815,0
24290,0
19389,1
1955,1
19582,0
20022,0
29226,0
9834,0
789,0
33434,0
39201,0
20275,1
13329,0
36813,1
11371,0
10453,0
4845,1
20569,1
21856,0
26204,1
28279,0
17471,0
27114,0
18866,0
30277,1
12125,1
9888,0
12611,1
35997,1
22300,0
29433,0
37276,0
17110,1
32017,1
36357,0
30424,0
3701,0
15838,0
30046,0
37163,0
23678,1
11279,1
33455,0
23921,0
4644,1
16818,0
1860,1
36068,1
32143,0
25258,0
30924,1
105,1
31759,1
36707,0
24923,1
3031,0
20783,0
34108,0
13923,0
29406,0
22182,0
31408,1
13974,0
23362,0
2899,1
33092,0
34089,1
33047,0
27311,1
28128,0
21501,0
38548,0
11581,1
34269,0
12399,1
32699,0
35140,1
25034,1
18472,0
33011,0
17037,1
28805,1
21654,0
32312,1
34784,1
6224,0
254,1
34372,0
10559,0
33372,0
9222,0
20745,0
27837,0
12469,0
1189,0
2788,0
36804,0
31124,0
38877,0
1817,1
5172,1
890,0
34549,0
4663,0
9959,1
18404,0
38882,0
12922,0
25077,0
17830,0
6085,1
8356,0
38564,1
33109,0
7712,0
12113,0
5911,0
29718,0
14855,1
34144,1
6520,1
7653,1
36143,0
36852,0
14545,0
19286,1
334,0
4082,1
23482,1
24575,1
8513,1
19227,0
19667,0
38439,1
6330,0
37628,0
25835,1
22689,1
31809,1
24403,1
23903,0
31443,1
1280,1
9680,1
26079,1
37534,1
12019,1
24905,0
12012,1
13196,0
15022,0
33492,1
22636,1
24752,0
7590,0
31699,0
10490,0
13529,1
37186,1
19060,1
32365,0
8590,1
423,0
36588,1
607,1
29488,0
33893,0
14199,1
7471,0
14817,0
38429,1
32207,0
22299,0
33811,0
835,1
37714,1
2846,1
13377,0
16499,1
10205,0
22944,1
30517,1
26626,0
12575,1
37967,0
20924,0
36185,0
35725,0
35536,0
36693,0
39039,1
31536,1
23547,1
28726,1
3745,0
29306,1
1755,1
8866,1
11949,0
33785,0
24323,0
16729,1
15432,0
29829,0
38809,1
3449,1
9444,1
5280,0
26249,1
25607,0
25055,0
20755,0
37477,0
6882,0
37670,0
5835,0
20601,1
23017,0
9593,0
1392,0
38060,0
27044,0
34607,1
18002,0
24738,0
4356,0
27321,1
882,1
23038,1
33152,1
14324,0
37516,1
17739,0
38766,1
24720,0
7936,0
6342,0
34706,1
20773,0
6395,0
5699,0
11844,1
22390,1
38125,1
21305,0
2718,1
14527,0
12826,0
5182,1
8442,1
1156,0
3493,1
16259,1
30008,0
1954,1
37263,0
13986,0
31815,1
7095,1
38007,0
18133,1
15582,0
27654,1
1381,0
16371,1
17657,0
12230,0
33309,1
37420,1
7787,1
9598,0
4057,1
11826,0
34692,1
15664,1
23195,1
13398,0
11015,1
12149,0
13467,1
27422,1
27771,1
35115,0
32444,0
5285,1
10756,0
5943,1
22351,0
2304,1
19249,0
28981,0
11794,1
21690,1
3876,1
13000,0
8618,0
27683,0
20661,0
5568,0
9594,0
1593,0
38484,1
24980,0
16812,0
20743,0
14231,1
29021,0
37964,1
14281,1
21295,1
12993,0
33462,1
20640,0
17547,0
20479,0
11208,0
16788,0
7517,0
32309,0
36455,0
33528,0
1161,0
32712,0
32766,0
22307,0
116,0
18167,0
7730,1
13834,1
6529,1
7317,1
39273,0
39453,0
10859,0
31768,0
34044,1
11291,0
13213,0
11968,1
3769,0
8785,1
1667,0
9192,0
35220,1
26939,0
8769,0
17245,0
14446,0
3830,0
15275,0
34407,0
16383,0
14944,1
34014,0
38704,1
22464,1
32506,1
25370,1
11972,0
723,1
30652,0
15462,1
4039,0
29966,0
27300,0
11254,0
18520,0
26932,0
2911,0
13901,1
33088,0
10914,1
24297,1
19193,0
15603,0
6580,0
35038,0
33836,0
8291,0
4116,0
4143,1
32266,0
15451,1
31544,1
20038,0
38014,0
22415,1
14608,0
17596,0
3902,0
3622,0
25195,0
2957,1
79,0
14675,0
33020,0
31168,0
10085,1
5856,0
2594,1
10901,1
13805,0
25157,0
38000,1
35658,0
31229,0
29449,0
2763,1
25571,0
11748,0
33649,0
18982,0
4491,1
4172,0
24460,1
34730,1
34001,1
33740,0
9835,0
4965,1
29900,0
31069,1
5245,1
31560,1
8302,0
10761,0
36114,0
4708,1
33729,0
24471,0
19832,1
689,1
35903,1
30121,1
8980,0
32867,0
28673,1
36436,0
2579,0
19119,0
25356,1
23430,0
949,1
17747,1
30451,1
2133,1
22584,0
2187,1
14032,0
35350,0
39031,0
38010,0
35454,0
37409,1
19821,0
37699,1
25773,0
23521,0
18963,1
12915,0
39542,0
16022,1
19489,0
25078,0
16244,0
30567,1
21751,1
16843,1
3487,1
30921,0
24817,0
37378,0
3840,1
8788,0
31868,1
15696,0
7262,1
20107,0
21644,0
362,1
6556,0
15484,1
36133,0
1693,0
2468,1
38989,0
14727,0
8936,0
37960,0
1599,0
26756,0
21541,0
9552,1
28692,1
24612,1
20277,0
15654,1
551,0
35740,0
37691,1
39636,1
25583,1
17150,0
29467,0
12062,0
24936,1
3025,0
38974,1
5847,1
8383,0
27657,0
17056,0
12237,0
3091,0
28207,1
22328,0
3635,0
16875,0
33281,0
15171,0
4211,1
26911,0
2498,0
14533,0
986,0
25088,0
25480,0
18086,0
15865,1
17933,1
25719,1
37663,0
23486,1
11214,1
4735,0
8987,0
12767,0
34907,0
26296,1
11627,1
11217,1
4700,0
20653,0
16584,0
3856,0
30383,1
12016,0
24953,0
21585,0
30144,0
9309,0
21097,0
38792,0
34526,0
18589,1
36791,1
4984,1
4165,0
6909,0
38816,0
4907,1
22778,1
34842,0
27346,0
19117,1
30597,1
16604,0
21600,1
29125,0
31724,0
28736,0
26064,1
35075,1
3946,1
36960,0
14326,1
22429,0
16778,1
10131,1
10760,1
6455,1
15056,0
33357,0
9666,1
8350,0
17609,0
24043,1
27805,0
26525,0
10422,0
38131,0
26568,0
13754,0
20318,0
34284,0
18195,1
23396,0
17346,0
712,1
29135,0
6956,0
11366,0
13055,1
15445,0
1421,0
18319,0
25459,1
13852,0
22288,1
7107,0
19895,1
21093,0
2323,1
36464,0
28873,0
37767,0
15532,1
5103,1
30754,1
8790,1
1854,0
34173,1
33395,0
33197,1
24166,1
31660,1
21244,1
27179,1
37686,0
34000,1
9169,0
24399,0
9226,0
16040,1
32440,0
23968,1
15219,0
9475,0
37857,1
30105,1
34005,0
28961,1
33845,0
9521,1
27732,0
8580,1
35813,0
30832,1
4902,0
12964,0
31098,0
22969,1
5546,0
34313,1
4584,1
16158,0
18506,1
4496,0
34946,1
35194,0
34960,1
16346,1
1274,0
19936,1
18820,0
11412,0
25970,0
33179,1
25335,1
19495,1
18408,1
14039,1
23422,1
6795,0
35805,1
10577,0
35579,1
31754,0
11790,0
31985,0
24571,0
30776,0
37337,1
3913,0
4843,0
218,0
11131,0
20962,0
37081,1
408,0
5197,1
1951,0
25665,0
38374,1
3053,1
7285,0
36615,0
12570,0
37789,0
33606,1
716,1
8076,1
216,1
30904,1
38346,0
12876,0
7193,1
9583,0
17218,0
38445,1
28221,1
38289,0
34393,0
11119,1
25234,0
22470,0
12178,0
21482,0
14205,1
10341,1
506,0
1773,0
30605,0
13869,1
38139,1
18807,1
35701,1
34093,0
2480,1
27069,1
14525,0
32211,0
18808,1
37768,0
17936,0
28844,1
14507,1
17143,0
11445,1
9686,0
18291,1
39100,1
15579,1
18709,1
30293,0
3879,1
37730,0
18432,1
23357,1
2294,0
760,0
29959,0
19071,1
8428,1
29789,1
26708,0
28791,1
3939,0
23240,1
35707,0
30520,0
22266,0
219,0
3030,0
38821,0
38671,0
30072,1
19178,0
335,0
39423,1
11447,0
33609,1
13371,0
16845,1
14458,1
26257,0
8969,1
17092,0
9670,1
38350,1
8616,0
14873,1
3523,0
27584,0
4123,0
8949,1
32423,1
29844,1
6284,0
4641,0
29357,0
4403,1
30486,1
34285,0
17962,0
3750,1
7924,0
19897,0
6255,0
4418,0
6723,0
20426,1
4903,0
200,1
10269,0
23319,0
21401,0
1503,1
33984,0
27097,0
28957,0
37439,1
38942,1
15831,1
14741,1
20216,1
37241,1
28009,0
27721,0
24487,0
15539,0
168,0
8131,0
39291,1
353,1
17079,0
21130,1
13116,1
11369,0
33168,0
7887,1
29816,1
12918,1
36277,1
14862,1
7679,0
21525,0
2309,1
15756,0
32692,1
12558,1
1043,1
23245,0
36414,0
8080,0
21824,1
15009,1
8562,0
31088,0
27658,0
17601,1
21156,1
37225,0
15695,0
20753,0
30533,0
17857,0
30286,0
25871,0
20774,0
33887,1
5454,1
21943,0
34221,1
5715,1
37496,0
78,1
7755,0
1551,1
2361,1
5444,0
5272,1
33095,1
38855,1
13748,1
24864,1
25909,0
37804,0
22671,1
20348,0
14721,0
3963,0
4447,1
16543,1
33676,0
38803,1
10781,0
36733,0
15059,0
32378,1
15080,1
4757,0
1005,1
13163,1
16243,0
25513,0
11684,0
34594,1
182,0
16768,1
30629,0
28346,1
33336,0
7934,0
1007,0
11417,1
5530,0
27182,0
19421,0
18492,0
20089,1
16303,1
10058,1
7974,1
7420,1
9705,1
28963,0
25821,0
5536,1
30960,0
31802,0
22751,0
14003,0
11825,0
23075,0
5257,1
37456,0
10176,1
6615,1
17046,0
2451,0
16896,1
30890,0
18987,0
36310,0
11938,0
16039,0
14559,0
4849,1
30374,0
5000,0
23290,0
16742,1
30355,1
38914,1
9500,1
33248,0
18828,1
27984,0
17371,0
26604,0
15211,0
17327,0
27491,0
13538,0
26438,0
36371,0
31727,0
38644,0
26938,0
21766,0
24275,0
19849,0
24755,0
4451,1
4671,0
28488,0
6118,1
23126,1
37889,0
17464,0
23494,1
14759,0
27734,1
23356,0
6870,1
29532,1
11358,1
11202,0
27958,1
22468,1
21449,1
10965,0
31218,1
28603,0
25934,0
7132,0
19851,0
31403,1
12342,0
15439,0
8841,0
27475,1
36207,1
23343,0
495,0
34246,0
37805,0
7664,0
7375,1
22003,1
3797,0
8690,0
37093,1
38101,1
15134,0
5337,1
17068,0
7030,1
4486,0
34606,0
1816,0
25801,0
16792,0
30190,0
31723,0
12601,1
9418,0
7357,0
9934,1
20931,1
24042,0
10318,0
18782,1
4448,0
9085,1
29158,0
14677,0
24127,0
38799,0
5059,1
18491,1
25732,1
33884,0
4409,0
11895,0
9565,0
18971,0
21806,1
28926,0
12134,0
13097,0
31074,0
24542,1
6049,1
21530,0
18236,0
35691,1
14204,0
6163,0
23115,0
3696,0
34765,0
16713,1
15281,1
35247,1
13744,0
3326,1
6633,1
39156,1
29747,1
11415,0
25362,0
5737,0
13886,0
16585,1
29931,0
9526,0
12720,0
14210,0
5875,1
14145,0
34613,1
8120,1
4030,0
33426,0
28399,1
33886,1
11338,1
14461,1
2990,0
21921,1
17399,1
27623,0
5110,1
34263,0
1376,1
24058,1
7604,1
21025,0
27230,0
4257,1
38420,1
27544,0
24810,0
6293,0
13998,1
9189,0
8676,0
30910,1
12801,1
31340,1
29030,1
36262,0
16133,0
28054,0
38105,1
24225,0
957,0
2437,1
12642,0
29625,0
15506,0
36942,1
19261,0
23406,1
21769,0
17828,0
9933,0
21003,1
24156,0
31878,0
30505,0
10261,0
38389,0
21077,0
27939,1
5612,1
32360,1
14575,1
21168,1
24178,0
40,0
34409,0
23285,0
26773,1
19381,0
826,1
37710,1
26101,1
22303,0
33760,0
28012,0
11861,0
4293,1
27509,1
36723,0
6048,1
25419,1
21000,0
24576,1
4047,1
4762,1
8915,1
3419,0
26315,0
26010,0
10699,0
22067,0
22458,1
14317,0
10929,0
33550,1
7330,0
6705,1
7270,0
14301,0
21701,1
5464,0
27526,1
19942,0
31350,0
25771,0
36780,0
21794,0
17082,1
9986,1
4841,1
13307,1
26680,0
9297,1
1807,1
17426,1
29114,0
1725,1
27948,0
3904,0
30638,1
8691,0
9287,1
7024,0
18915,0
22451,1
23758,0
37897,0
31623,0
3393,1
24707,1
4908,1
33861,1
15492,0
35307,1
13984,1
3071,1
14282,1
286,1
29082,1
23058,0
20759,1
23821,0
20650,0
28554,1
31486,0
37013,1
1327,0
18512,1
8985,1
33547,0
11362,0
211,0
7984,1
29190,0
32276,1
4894,1
28672,1
38181,0
13821,1
21737,1
15623,0
36524,0
11952,1
250,0
10779,0
34736,0
26210,0
33566,0
37228,0
9265,1
7461,1
14087,0
23299,0
31343,0
14861,0
26991,0
39570,1
34333,0
19290,0
11860,1
31736,0
32394,0
30867,0
23688,1
18748,1
21790,0
1642,1
18943,1
8049,0
20718,1
39096,0
38451,0
20326,1
25347,1
13043,0
32079,0
39243,0
4935,0
30199,0
20903,1
2325,1
28336,1
18110,1
7154,0
31762,1
1496,1
21882,0
12298,1
37935,1
17423,1
12514,1
16010,0
38826,1
32111,0
38596,1
24162,0
10320,0
9003,0
8422,1
22883,1
34413,0
33268,0
21463,0
9372,1
27416,0
5400,1
23581,1
3668,0
23585,0
16315,1
22726,1
34898,0
38119,1
24344,0
11105,1
33648,1
34266,0
28835,1
16057,0
29458,0
36600,0
31619,0
38310,0
24753,1
36078,0
36876,1
29061,1
22141,0
975,0
17155,1
26968,1
15128,1
36923,1
19428,0
12094,1
37205,1
26322,0
1194,0
32385,0
30616,0
10614,0
29294,0
12117,1
12273,1
20552,0
2114,0
9873,1
34566,1
29348,0
11905,0
39226,0
28661,1
22231,1
20596,1
4887,0
13752,1
638,0
10599,1
1971,1
35860,0
4865,0
38820,1
7384,1
29767,0
640,0
27866,1
27131,0
31922,1
23546,0
19476,0
263,0
14773,1
7987,0
2204,1
34954,1
38959,1
24246,1
19790,0
32996,0
17798,1
32155,1
34669,0
16965,0
36013,0
39116,1
651,0
25002,1
21637,0
19154,0
10117,1
33048,0
8251,1
7623,0
25912,1
31429,1
26441,0
30857,0
38402,1
34770,1
1864,1
17454,0
10415,0
27184,0
17063,1
38087,0
35910,1
21606,1
8689,0
11370,1
12955,0
19730,0
36810,1
31722,0
2011,0
12198,1
31146,1
36363,0
35497,1
21780,0
2186,1
22281,0
8167,1
27985,0
24957,0
14691,1
8445,0
38869,0
16176,0
11333,1
17105,0
39288,0
29642,0
26532,1
33073,1
4512,1
18344,1
32997,0
15311,0
37316,0
26268,0
13947,1
3094,0
35069,0
10508,0
31291,1
12618,1
34091,1
28881,1
27827,1
15958,1
14235,0
32674,0
20695,0
31301,1
16036,1
19015,1
13350,0
27927,0
28265,0
17268,0
4752,0
17932,0
15245,0
17043,1
8604,0
19517,0
6305,1
10259,1
24107,1
35964,1
8113,1
27879,1
25143,1
26792,0
4374,1
11407,0
25241,0
14152,0
4320,1
20177,1
16799,1
287,0
19588,0
5206,1
8738,0
5019,0
7105,1
31710,0
32504,1
35653,0
10909,1
32589,0
21595,0
2286,0
10862,0
15391,1
19072,0
733,0
4406,1
14602,1
37160,1
9823,0
38191,0
38960,0
23440,1
35867,0
3387,1
4593,0
11241,1
34974,1
37311,1
16415,0
38134,1
5659,1
5723,0
20478,1
4199,1
21897,0
37104,1
16764,1
16530,0
10356,0
20342,0
3318,0
3575,0
7729,1
8719,0
4582,1
19782,0
8907,0
24952,1
15795,1
8303,0
5713,0
30741,0
2530,1
35382,1
29362,0
12950,0
12515,0
37940,1
39256,0
8735,0
22596,0
34379,1
11519,1
30735,0
781,0
29408,1
38513,1
24458,1
36612,1
23073,1
36144,1
35055,1
3782,0
18075,0
12900,1
37733,0
3807,0
4464,1
34647,1
1380,0
38488,0
10798,1
7786,0
15057,1
22416,0
34580,1
27410,0
26662,1
14479,0
33704,1
10458,1
39152,0
14695,0
5277,0
12095,0
21586,0
5708,1
29511,0
38444,0
11897,0
4249,1
23503,0
28019,1
32046,0
9968,1
32421,1
33571,0
33422,0
36201,1
120,1
3000,0
3042,1
19152,1
16745,0
11907,0
25065,0
27214,0
24120,0
27251,0
29794,0
33671,1
37658,0
8649,0
21444,1
5783,1
4647,0
26221,0
14130,0
32194,1
36992,1
21399,0
17649,0
35391,0
15816,0
26114,1
35498,0
17759,0
25592,1
12854,0
14305,1
38202,1
29520,0
9971,0
15945,1
24309,1
7226,0
18711,1
5107,1
11729,0
29289,0
32439,1
32231,0
3079,0
20075,0
24375,0
39014,0
5479,1
14023,0
34245,0
16291,1
10530,0
31832,0
36550,1
17476,0
13643,0
11047,1
6359,0
9377,1
17990,1
25434,0
19529,1
37644,1
34406,0
10179,0
18274,0
14580,0
26685,1
26008,0
19493,0
29292,1
9161,1
39019,0
37594,0
2663,1
6013,1
2802,0
20000,0
9569,0
14992,1
929,1
32824,0
16779,1
13188,1
33231,0
10286,0
33369,1
4062,0
10561,0
32057,1
32710,0
33690,0
22494,1
11114,0
23282,0
29655,0
22853,0
6597,1
31144,1
28395,0
38263,0
30746,0
10973,1
19970,0
15541,0
15758,1
32713,0
18292,1
29209,1
38684,0
35957,0
2626,1
16670,1
23188,1
1168,0
8970,0
8298,0
17403,1
19727,1
34327,1
27887,1
28274,0
27791,0
11552,0
33040,0
25282,0
31992,0
6740,1
9623,0
23340,0
11122,1
37704,0
2290,1
32443,1
32796,1
39196,0
18305,1
7697,0
12142,0
7183,1
24029,1
26891,0
13150,1
28523,1
31718,1
26428,0
19605,1
35023,0
26275,1
15089,0
6889,0
26596,0
39611,0
12524,1
9866,0
25084,0
14723,1
21380,0
27996,1
38351,1
18784,0
16082,0
2006,0
34529,1
35366,0
25670,0
32115,1
31898,1
6061,0
19161,1
21329,1
31363,1
39264,1
3860,0
2017,0
28377,0
10828,0
15886,1
27933,0
37945,1
12186,1
5342,1
26437,1
35952,0
28460,1
2568,0
29472,0
14383,0
24875,0
13841,1
16605,0
2122,0
38721,0
12279,1
33053,0
5392,1
503,1
12516,1
25212,0
16302,1
23071,0
9564,1
10765,0
24799,0
36099,0
527,0
28824,1
14395,0
1719,0
22743,0
25082,1
6269,0
3923,1
7169,0
31240,0
13716,1
31061,0
8922,1
390,0
11596,0
5002,1
17827,1
38136,0
18665,0
22936,0
10404,1
35135,1
28496,1
11955,0
35715,1
27692,0
12223,1
16480,1
30804,1
18738,1
35168,1
26366,0
10588,1
25971,1
4122,1
36265,0
31432,1
8452,0
14010,1
27679,0
7529,1
10250,0
36365,1
18155,1
34787,0
4957,1
5236,0
39443,0
35537,0
7188,1
23226,0
8370,0
25299,0
38008,1
26272,1
22851,1
1431,0
31000,1
28209,1
30216,1
2232,0
11323,1
38041,1
2758,0
16929,0
37381,1
10609,0
38544,0
25253,0
26960,0
887,0
35862,0
3528,0
17291,1
3309,1
29879,1
30803,0
18887,1
22060,1
1703,1
34102,0
32973,0
15403,1
26900,1
24481,1
16038,1
34152,0
37541,1
35,0
35012,0
10666,1
1536,0
12476,0
1423,0
32065,0
